generation	AC	ID	AuROC	roc_auc	AuPR	pr_auc	parent_AC	parent_ID	selected	score_table_path	matrix_file_path	result_dir	board	data_type	experiment	TF	dataset	optimization	input_matrix_type	matrix_file_name	rank	TF:experiment:AC	duplicate TF:exp:AC	rank_TF	TF:experiment	rank_TF:experiment	submission	Tf:experiment:gen	rank_TF:experiment:gen	first-in-generation	selection_gen0
20	cluster_3_G20_M1_C5	cluster_3_G20_M1_C5	0.99966	0.9996586773	0.9996965114	0.9996931141	cluster_3_G19_M2_C2	cluster_3_G19_M2_C2	1	results/final/train/HTS/MYPOP/MYPOP_R0_C4_lf5ACGACGCTCTTCCGATCTTC_rf3TGCATAAGATCGGAAGAGCA/optimized_matrices/clust-trimmed-matrices_train-vs-rand/MYPOP_HTS_MYPOP_R0_C4_lf5ACGACGCTCTTCCGATCTTC_rf3TGCATAAGATCGGAAGAGCA_clust-trimmed-matrices_train-vs-rand_gen0-20_score_table.tsv	results/final/train/HTS/MYPOP/MYPOP_R0_C4_lf5ACGACGCTCTTCCGATCTTC_rf3TGCATAAGATCGGAAGAGCA/optimized_matrices/clust-trimmed-matrices_train-vs-rand/MYPOP_HTS_MYPOP_R0_C4_lf5ACGACGCTCTTCCGATCTTC_rf3TGCATAAGATCGGAAGAGCA_clust-trimmed-matrices_train-vs-rand_gen20_scored.tf	results	final	train	HTS	MYPOP	MYPOP_R0_C4_lf5ACGACGCTCTTCCGATCTTC_rf3TGCATAAGATCGGAAGAGCA	optimized_matrices	clust-trimmed-matrices_train-vs-rand	MYPOP_HTS_MYPOP_R0_C4_lf5ACGACGCTCTTCCGATCTTC_rf3TGCATAAGATCGGAAGAGCA_clust-trimmed-matrices_train-vs-rand_gen0-20_score_table.tsv	1	MYPOP:HTS:cluster_3_G20_M1_C5	Unique	1	MYPOP:HTS	1	1	MYPOP:HTS:20	1	Unique	0
20	cluster_1_node_6_3motifs_G20_M1_C3	cluster_1_node_6_3motifs_G20_M1_C3	0.97988	0.9797010248	0.9777853505	0.9773641924	cluster_1_node_6_3motifs_G18_M1_C8	cluster_1_node_6_3motifs_G18_M1_C8	1	results/final/train/GHTS/MYF6/YWK_D_AffSeq_B12_MYF6.C4/optimized_matrices/clust-trimmed-matrices_train-vs-rand/MYF6_GHTS_YWK_D_AffSeq_B12_MYF6.C4_clust-trimmed-matrices_train-vs-rand_gen0-20_score_table.tsv	results/final/train/GHTS/MYF6/YWK_D_AffSeq_B12_MYF6.C4/optimized_matrices/clust-trimmed-matrices_train-vs-rand/MYF6_GHTS_YWK_D_AffSeq_B12_MYF6.C4_clust-trimmed-matrices_train-vs-rand_gen20_scored.tf	results	final	train	GHTS	MYF6	YWK_D_AffSeq_B12_MYF6.C4	optimized_matrices	clust-trimmed-matrices_train-vs-rand	MYF6_GHTS_YWK_D_AffSeq_B12_MYF6.C4_clust-trimmed-matrices_train-vs-rand_gen0-20_score_table.tsv	4310	MYF6:GHTS:cluster_1_node_6_3motifs_G20_M1_C3	Unique	1	MYF6:GHTS	1	1	MYF6:GHTS:20	1	Unique	0
18	cluster_1_node_7_3motifs_G18_M2_C4	cluster_1_node_7_3motifs_G18_M2_C4	0.99885	0.9988291961	0.998557278	0.9987453804	cluster_1_node_7_3motifs_G14_M2_C10	cluster_1_node_7_3motifs_G14_M2_C10	1	results/final/train/GHTS/USF3/YWL_B_AffSeq_G10_USF3.C3/optimized_matrices/clust-trimmed-matrices_train-vs-rand/USF3_GHTS_YWL_B_AffSeq_G10_USF3.C3_clust-trimmed-matrices_train-vs-rand_gen0-20_score_table.tsv	results/final/train/GHTS/USF3/YWL_B_AffSeq_G10_USF3.C3/optimized_matrices/clust-trimmed-matrices_train-vs-rand/USF3_GHTS_YWL_B_AffSeq_G10_USF3.C3_clust-trimmed-matrices_train-vs-rand_gen18_scored.tf	results	final	train	GHTS	USF3	YWL_B_AffSeq_G10_USF3.C3	optimized_matrices	clust-trimmed-matrices_train-vs-rand	USF3_GHTS_YWL_B_AffSeq_G10_USF3.C3_clust-trimmed-matrices_train-vs-rand_gen0-20_score_table.tsv	84	USF3:GHTS:cluster_1_node_7_3motifs_G18_M2_C4	Unique	1	USF3:GHTS	1	1	USF3:GHTS:18	1	Unique	0
20	cluster_1_G20_M5_C7	cluster_1_G20_M5_C7	0.99875	0.9987089202	0.9976987312	0.9987960682	cluster_1_G19_M5_C7	cluster_1_G19_M5_C7	1	results/final/train/GHTS/ZNF395/YWK_D_AffSeq_A6_ZNF395.C1/optimized_matrices/clust-trimmed-matrices_train-vs-rand/ZNF395_GHTS_YWK_D_AffSeq_A6_ZNF395.C1_clust-trimmed-matrices_train-vs-rand_gen0-20_score_table.tsv	results/final/train/GHTS/ZNF395/YWK_D_AffSeq_A6_ZNF395.C1/optimized_matrices/clust-trimmed-matrices_train-vs-rand/ZNF395_GHTS_YWK_D_AffSeq_A6_ZNF395.C1_clust-trimmed-matrices_train-vs-rand_gen20_scored.tf	results	final	train	GHTS	ZNF395	YWK_D_AffSeq_A6_ZNF395.C1	optimized_matrices	clust-trimmed-matrices_train-vs-rand	ZNF395_GHTS_YWK_D_AffSeq_A6_ZNF395.C1_clust-trimmed-matrices_train-vs-rand_gen0-20_score_table.tsv	230	ZNF395:GHTS:cluster_1_G20_M5_C7	Unique	1	ZNF395:GHTS	1	1	ZNF395:GHTS:20	1	Duplicate	0
0	cluster_1_node_7_3motifs	cluster_1_node_7_3motifs	0.99847	0.9984400914	0.9981148748	0.9982831249	Origin	Origin	1	results/final/train/GHTS/USF3/YWL_B_AffSeq_G10_USF3.C3/optimized_matrices/clust-trimmed-matrices_train-vs-rand/USF3_GHTS_YWL_B_AffSeq_G10_USF3.C3_clust-trimmed-matrices_train-vs-rand_gen0-20_score_table.tsv	results/final/train/GHTS/USF3/YWL_B_AffSeq_G10_USF3.C3/optimized_matrices/clust-trimmed-matrices_train-vs-rand/USF3_GHTS_YWL_B_AffSeq_G10_USF3.C3_clust-trimmed-matrices_train-vs-rand_gen0_scored.tf	results	final	train	GHTS	USF3	YWL_B_AffSeq_G10_USF3.C3	optimized_matrices	clust-trimmed-matrices_train-vs-rand	USF3_GHTS_YWL_B_AffSeq_G10_USF3.C3_clust-trimmed-matrices_train-vs-rand_gen0-20_score_table.tsv	308	USF3:GHTS:cluster_1_node_7_3motifs	Unique	196	USF3:GHTS	196	1	USF3:GHTS:0	1	Unique	1
20	cluster_2_G20_M2_C3	cluster_2_G20_M2_C3	0.99808	0.998010474	0.9960043312	0.9981374329	cluster_2_G19_M2_C6	cluster_2_G19_M2_C6	1	results/final/train/CHS/ZNF395/THC_0294.Rep-DIANA_0293/optimized_matrices/clust-trimmed-matrices_train-vs-rand/ZNF395_CHS_THC_0294.Rep-DIANA_0293_clust-trimmed-matrices_train-vs-rand_gen0-20_score_table.tsv	results/final/train/CHS/ZNF395/THC_0294.Rep-DIANA_0293/optimized_matrices/clust-trimmed-matrices_train-vs-rand/ZNF395_CHS_THC_0294.Rep-DIANA_0293_clust-trimmed-matrices_train-vs-rand_gen20_scored.tf	results	final	train	CHS	ZNF395	THC_0294.Rep-DIANA_0293	optimized_matrices	clust-trimmed-matrices_train-vs-rand	ZNF395_CHS_THC_0294.Rep-DIANA_0293_clust-trimmed-matrices_train-vs-rand_gen0-20_score_table.tsv	439	ZNF395:CHS:cluster_2_G20_M2_C3	Unique	47	ZNF395:CHS	1	1	ZNF395:CHS:20	1	Duplicate	0
18	cluster_1_G18_M2_C6	cluster_1_G18_M2_C6	0.99770	0.9977039189	0.9978457405	0.9977756456	cluster_1_G16_M4_C5	cluster_1_G16_M4_C5	1	results/final/train/HTS/ZNF831/ZNF831_R0_C4_lf5ACGACGCTCTTCCGATCTTC_rf3GCGATTAGATCGGAAGAGCA/optimized_matrices/clust-trimmed-matrices_train-vs-rand/ZNF831_HTS_ZNF831_R0_C4_lf5ACGACGCTCTTCCGATCTTC_rf3GCGATTAGATCGGAAGAGCA_clust-trimmed-matrices_train-vs-rand_gen0-20_score_table.tsv	results/final/train/HTS/ZNF831/ZNF831_R0_C4_lf5ACGACGCTCTTCCGATCTTC_rf3GCGATTAGATCGGAAGAGCA/optimized_matrices/clust-trimmed-matrices_train-vs-rand/ZNF831_HTS_ZNF831_R0_C4_lf5ACGACGCTCTTCCGATCTTC_rf3GCGATTAGATCGGAAGAGCA_clust-trimmed-matrices_train-vs-rand_gen18_scored.tf	results	final	train	HTS	ZNF831	ZNF831_R0_C4_lf5ACGACGCTCTTCCGATCTTC_rf3GCGATTAGATCGGAAGAGCA	optimized_matrices	clust-trimmed-matrices_train-vs-rand	ZNF831_HTS_ZNF831_R0_C4_lf5ACGACGCTCTTCCGATCTTC_rf3GCGATTAGATCGGAAGAGCA_clust-trimmed-matrices_train-vs-rand_gen0-20_score_table.tsv	496	ZNF831:HTS:cluster_1_G18_M2_C6	Unique	1	ZNF831:HTS	1	1	ZNF831:HTS:18	1	Unique	0
0	cluster_3	cluster_3	0.99745	0.9974510752	0.9979065383	0.9978682362	Origin	Origin	1	results/final/train/HTS/MYPOP/MYPOP_R0_C4_lf5ACGACGCTCTTCCGATCTTC_rf3TGCATAAGATCGGAAGAGCA/optimized_matrices/clust-trimmed-matrices_train-vs-rand/MYPOP_HTS_MYPOP_R0_C4_lf5ACGACGCTCTTCCGATCTTC_rf3TGCATAAGATCGGAAGAGCA_clust-trimmed-matrices_train-vs-rand_gen0-20_score_table.tsv	results/final/train/HTS/MYPOP/MYPOP_R0_C4_lf5ACGACGCTCTTCCGATCTTC_rf3TGCATAAGATCGGAAGAGCA/optimized_matrices/clust-trimmed-matrices_train-vs-rand/MYPOP_HTS_MYPOP_R0_C4_lf5ACGACGCTCTTCCGATCTTC_rf3TGCATAAGATCGGAAGAGCA_clust-trimmed-matrices_train-vs-rand_gen0_scored.tf	results	final	train	HTS	MYPOP	MYPOP_R0_C4_lf5ACGACGCTCTTCCGATCTTC_rf3TGCATAAGATCGGAAGAGCA	optimized_matrices	clust-trimmed-matrices_train-vs-rand	MYPOP_HTS_MYPOP_R0_C4_lf5ACGACGCTCTTCCGATCTTC_rf3TGCATAAGATCGGAAGAGCA_clust-trimmed-matrices_train-vs-rand_gen0-20_score_table.tsv	569	MYPOP:HTS:cluster_3	Unique	99	MYPOP:HTS	99	1	MYPOP:HTS:0	1	Unique	1
0	cluster_1	cluster_1	0.99640	0.9963279678	0.9956245402	0.9966703483	Origin	Origin	1	results/final/train/GHTS/ZNF395/YWK_D_AffSeq_A6_ZNF395.C1/optimized_matrices/clust-trimmed-matrices_train-vs-rand/ZNF395_GHTS_YWK_D_AffSeq_A6_ZNF395.C1_clust-trimmed-matrices_train-vs-rand_gen0-20_score_table.tsv	results/final/train/GHTS/ZNF395/YWK_D_AffSeq_A6_ZNF395.C1/optimized_matrices/clust-trimmed-matrices_train-vs-rand/ZNF395_GHTS_YWK_D_AffSeq_A6_ZNF395.C1_clust-trimmed-matrices_train-vs-rand_gen0_scored.tf	results	final	train	GHTS	ZNF395	YWK_D_AffSeq_A6_ZNF395.C1	optimized_matrices	clust-trimmed-matrices_train-vs-rand	ZNF395_GHTS_YWK_D_AffSeq_A6_ZNF395.C1_clust-trimmed-matrices_train-vs-rand_gen0-20_score_table.tsv	690	ZNF395:GHTS:cluster_1	Duplicate	176	ZNF395:GHTS	131	1	ZNF395:GHTS:0	1	Duplicate	0
20	cluster_1_node_7_2motifs_G20_M1_C7	cluster_1_node_7_2motifs_G20_M1_C7	0.99573	0.9957242608	0.9968041947	0.9967572062	cluster_1_node_7_2motifs_G18_M3_C5	cluster_1_node_7_2motifs_G18_M3_C5	1	results/final/train/HTS/ZBTB47/ZBTB47_R1_C4_lf5ACGACGCTCTTCCGATCTAC_rf3TCCTTGAGATCGGAAGAGCA/optimized_matrices/clust-trimmed-matrices_train-vs-rand/ZBTB47_HTS_ZBTB47_R1_C4_lf5ACGACGCTCTTCCGATCTAC_rf3TCCTTGAGATCGGAAGAGCA_clust-trimmed-matrices_train-vs-rand_gen0-20_score_table.tsv	results/final/train/HTS/ZBTB47/ZBTB47_R1_C4_lf5ACGACGCTCTTCCGATCTAC_rf3TCCTTGAGATCGGAAGAGCA/optimized_matrices/clust-trimmed-matrices_train-vs-rand/ZBTB47_HTS_ZBTB47_R1_C4_lf5ACGACGCTCTTCCGATCTAC_rf3TCCTTGAGATCGGAAGAGCA_clust-trimmed-matrices_train-vs-rand_gen20_scored.tf	results	final	train	HTS	ZBTB47	ZBTB47_R1_C4_lf5ACGACGCTCTTCCGATCTAC_rf3TCCTTGAGATCGGAAGAGCA	optimized_matrices	clust-trimmed-matrices_train-vs-rand	ZBTB47_HTS_ZBTB47_R1_C4_lf5ACGACGCTCTTCCGATCTAC_rf3TCCTTGAGATCGGAAGAGCA_clust-trimmed-matrices_train-vs-rand_gen0-20_score_table.tsv	905	ZBTB47:HTS:cluster_1_node_7_2motifs_G20_M1_C7	Unique	1	ZBTB47:HTS	1	1	ZBTB47:HTS:20	1	Unique	0
20	cluster_1_node_6_5motifs_G20_M4_C5	cluster_1_node_6_5motifs_G20_M4_C5	0.99451	0.9943325354	0.9934725837	0.9951259819	cluster_1_node_6_5motifs_G19_M4_C7	cluster_1_node_6_5motifs_G19_M4_C7	1	results/final/train/GHTS/PRDM13/YWP_B_AffSeq_C12_PRDM13-DBD.C3/optimized_matrices/clust-trimmed-matrices_train-vs-rand/PRDM13_GHTS_YWP_B_AffSeq_C12_PRDM13-DBD.C3_clust-trimmed-matrices_train-vs-rand_gen0-20_score_table.tsv	results/final/train/GHTS/PRDM13/YWP_B_AffSeq_C12_PRDM13-DBD.C3/optimized_matrices/clust-trimmed-matrices_train-vs-rand/PRDM13_GHTS_YWP_B_AffSeq_C12_PRDM13-DBD.C3_clust-trimmed-matrices_train-vs-rand_gen20_scored.tf	results	final	train	GHTS	PRDM13	YWP_B_AffSeq_C12_PRDM13-DBD.C3	optimized_matrices	clust-trimmed-matrices_train-vs-rand	PRDM13_GHTS_YWP_B_AffSeq_C12_PRDM13-DBD.C3_clust-trimmed-matrices_train-vs-rand_gen0-20_score_table.tsv	1399	PRDM13:GHTS:cluster_1_node_6_5motifs_G20_M4_C5	Unique	1	PRDM13:GHTS	1	1	PRDM13:GHTS:20	1	Unique	0
20	cluster_1_node_1_2motifs_G20_M4_C5	cluster_1_node_1_2motifs_G20_M4_C5	0.99412	0.9940657852	0.9930611818	0.9932845857	cluster_1_node_1_2motifs_G19_M4_C7	cluster_1_node_1_2motifs_G19_M4_C7	1	results/final/train/GHTS/ZNF518B/YWR_B_AffSeq_C9_ZNF518B-DBD.C3/optimized_matrices/clust-trimmed-matrices_train-vs-rand/ZNF518B_GHTS_YWR_B_AffSeq_C9_ZNF518B-DBD.C3_clust-trimmed-matrices_train-vs-rand_gen0-20_score_table.tsv	results/final/train/GHTS/ZNF518B/YWR_B_AffSeq_C9_ZNF518B-DBD.C3/optimized_matrices/clust-trimmed-matrices_train-vs-rand/ZNF518B_GHTS_YWR_B_AffSeq_C9_ZNF518B-DBD.C3_clust-trimmed-matrices_train-vs-rand_gen20_scored.tf	results	final	train	GHTS	ZNF518B	YWR_B_AffSeq_C9_ZNF518B-DBD.C3	optimized_matrices	clust-trimmed-matrices_train-vs-rand	ZNF518B_GHTS_YWR_B_AffSeq_C9_ZNF518B-DBD.C3_clust-trimmed-matrices_train-vs-rand_gen0-20_score_table.tsv	1505	ZNF518B:GHTS:cluster_1_node_1_2motifs_G20_M4_C5	Unique	1	ZNF518B:GHTS	1	1	ZNF518B:GHTS:20	1	Duplicate	0
20	cluster_1_node_3_2motifs_G20_M4_C7	cluster_1_node_3_2motifs_G20_M4_C7	0.99289	0.992883726	0.9946605918	0.9945884972	cluster_1_node_3_2motifs_G19_M2_C10	cluster_1_node_3_2motifs_G19_M2_C10	1	results/final/train/HTS/TPRX1/TPRX1_R0_C4_lf5ACGACGCTCTTCCGATCTTC_rf3ACGGGAAGATCGGAAGAGCA/optimized_matrices/clust-trimmed-matrices_train-vs-rand/TPRX1_HTS_TPRX1_R0_C4_lf5ACGACGCTCTTCCGATCTTC_rf3ACGGGAAGATCGGAAGAGCA_clust-trimmed-matrices_train-vs-rand_gen0-20_score_table.tsv	results/final/train/HTS/TPRX1/TPRX1_R0_C4_lf5ACGACGCTCTTCCGATCTTC_rf3ACGGGAAGATCGGAAGAGCA/optimized_matrices/clust-trimmed-matrices_train-vs-rand/TPRX1_HTS_TPRX1_R0_C4_lf5ACGACGCTCTTCCGATCTTC_rf3ACGGGAAGATCGGAAGAGCA_clust-trimmed-matrices_train-vs-rand_gen20_scored.tf	results	final	train	HTS	TPRX1	TPRX1_R0_C4_lf5ACGACGCTCTTCCGATCTTC_rf3ACGGGAAGATCGGAAGAGCA	optimized_matrices	clust-trimmed-matrices_train-vs-rand	TPRX1_HTS_TPRX1_R0_C4_lf5ACGACGCTCTTCCGATCTTC_rf3ACGGGAAGATCGGAAGAGCA_clust-trimmed-matrices_train-vs-rand_gen0-20_score_table.tsv	1746	TPRX1:HTS:cluster_1_node_3_2motifs_G20_M4_C7	Unique	1	TPRX1:HTS	1	1	TPRX1:HTS:20	1	Unique	0
0	cluster_1_node_7_2motifs	cluster_1_node_7_2motifs	0.99233	0.992344513	0.9946997247	0.9946307168	Origin	Origin	1	results/final/train/HTS/ZBTB47/ZBTB47_R1_C4_lf5ACGACGCTCTTCCGATCTAC_rf3TCCTTGAGATCGGAAGAGCA/optimized_matrices/clust-trimmed-matrices_train-vs-rand/ZBTB47_HTS_ZBTB47_R1_C4_lf5ACGACGCTCTTCCGATCTAC_rf3TCCTTGAGATCGGAAGAGCA_clust-trimmed-matrices_train-vs-rand_gen0-20_score_table.tsv	results/final/train/HTS/ZBTB47/ZBTB47_R1_C4_lf5ACGACGCTCTTCCGATCTAC_rf3TCCTTGAGATCGGAAGAGCA/optimized_matrices/clust-trimmed-matrices_train-vs-rand/ZBTB47_HTS_ZBTB47_R1_C4_lf5ACGACGCTCTTCCGATCTAC_rf3TCCTTGAGATCGGAAGAGCA_clust-trimmed-matrices_train-vs-rand_gen0_scored.tf	results	final	train	HTS	ZBTB47	ZBTB47_R1_C4_lf5ACGACGCTCTTCCGATCTAC_rf3TCCTTGAGATCGGAAGAGCA	optimized_matrices	clust-trimmed-matrices_train-vs-rand	ZBTB47_HTS_ZBTB47_R1_C4_lf5ACGACGCTCTTCCGATCTAC_rf3TCCTTGAGATCGGAAGAGCA_clust-trimmed-matrices_train-vs-rand_gen0-20_score_table.tsv	1861	ZBTB47:HTS:cluster_1_node_7_2motifs	Unique	97	ZBTB47:HTS	97	1	ZBTB47:HTS:0	1	Unique	1
20	cluster_1_node_3_2motifs_G20_M4_C2	cluster_1_node_3_2motifs_G20_M4_C2	0.99151	0.9913379993	0.9919664968	0.9934806376	cluster_1_node_3_2motifs_G19_M3_C6	cluster_1_node_3_2motifs_G19_M3_C6	1	results/final/train/GHTS/ZNF493/YWR_B_AffSeq_H7_ZNF493-FL.C1/optimized_matrices/clust-trimmed-matrices_train-vs-rand/ZNF493_GHTS_YWR_B_AffSeq_H7_ZNF493-FL.C1_clust-trimmed-matrices_train-vs-rand_gen0-20_score_table.tsv	results/final/train/GHTS/ZNF493/YWR_B_AffSeq_H7_ZNF493-FL.C1/optimized_matrices/clust-trimmed-matrices_train-vs-rand/ZNF493_GHTS_YWR_B_AffSeq_H7_ZNF493-FL.C1_clust-trimmed-matrices_train-vs-rand_gen20_scored.tf	results	final	train	GHTS	ZNF493	YWR_B_AffSeq_H7_ZNF493-FL.C1	optimized_matrices	clust-trimmed-matrices_train-vs-rand	ZNF493_GHTS_YWR_B_AffSeq_H7_ZNF493-FL.C1_clust-trimmed-matrices_train-vs-rand_gen0-20_score_table.tsv	2055	ZNF493:GHTS:cluster_1_node_3_2motifs_G20_M4_C2	Unique	1	ZNF493:GHTS	1	1	ZNF493:GHTS:20	1	Unique	0
20	cluster_1_node_5_4motifs_G20_M5_C4	cluster_1_node_5_4motifs_G20_M5_C4	0.99104	0.9909756597	0.9903613076	0.9902994214	cluster_1_node_5_4motifs_G19_M5_C8	cluster_1_node_5_4motifs_G19_M5_C8	1	results/final/train/GHTS/LEUTX/YWK_D_AffSeq_B7_LEUTX.C4/optimized_matrices/clust-trimmed-matrices_train-vs-rand/LEUTX_GHTS_YWK_D_AffSeq_B7_LEUTX.C4_clust-trimmed-matrices_train-vs-rand_gen0-20_score_table.tsv	results/final/train/GHTS/LEUTX/YWK_D_AffSeq_B7_LEUTX.C4/optimized_matrices/clust-trimmed-matrices_train-vs-rand/LEUTX_GHTS_YWK_D_AffSeq_B7_LEUTX.C4_clust-trimmed-matrices_train-vs-rand_gen20_scored.tf	results	final	train	GHTS	LEUTX	YWK_D_AffSeq_B7_LEUTX.C4	optimized_matrices	clust-trimmed-matrices_train-vs-rand	LEUTX_GHTS_YWK_D_AffSeq_B7_LEUTX.C4_clust-trimmed-matrices_train-vs-rand_gen0-20_score_table.tsv	2156	LEUTX:GHTS:cluster_1_node_5_4motifs_G20_M5_C4	Unique	1	LEUTX:GHTS	1	1	LEUTX:GHTS:20	1	Unique	0
20	cluster_1_G20_M1_C6	cluster_1_G20_M1_C6	0.99046	0.9903035119	0.9912739473	0.9939976391	cluster_1_G18_M4_C2	cluster_1_G18_M4_C2	1	results/final/train/GHTS/SALL3/YWF_B_AffSeq_B02_SALL3.C2/optimized_matrices/clust-trimmed-matrices_train-vs-rand/SALL3_GHTS_YWF_B_AffSeq_B02_SALL3.C2_clust-trimmed-matrices_train-vs-rand_gen0-20_score_table.tsv	results/final/train/GHTS/SALL3/YWF_B_AffSeq_B02_SALL3.C2/optimized_matrices/clust-trimmed-matrices_train-vs-rand/SALL3_GHTS_YWF_B_AffSeq_B02_SALL3.C2_clust-trimmed-matrices_train-vs-rand_gen20_scored.tf	results	final	train	GHTS	SALL3	YWF_B_AffSeq_B02_SALL3.C2	optimized_matrices	clust-trimmed-matrices_train-vs-rand	SALL3_GHTS_YWF_B_AffSeq_B02_SALL3.C2_clust-trimmed-matrices_train-vs-rand_gen0-20_score_table.tsv	2251	SALL3:GHTS:cluster_1_G20_M1_C6	Unique	1	SALL3:GHTS	1	1	SALL3:GHTS:20	1	Unique	0
0	cluster_1	cluster_1	0.99035	0.990358736	0.9908624319	0.9905837452	Origin	Origin	1	results/final/train/HTS/ZNF831/ZNF831_R0_C4_lf5ACGACGCTCTTCCGATCTTC_rf3GCGATTAGATCGGAAGAGCA/optimized_matrices/clust-trimmed-matrices_train-vs-rand/ZNF831_HTS_ZNF831_R0_C4_lf5ACGACGCTCTTCCGATCTTC_rf3GCGATTAGATCGGAAGAGCA_clust-trimmed-matrices_train-vs-rand_gen0-20_score_table.tsv	results/final/train/HTS/ZNF831/ZNF831_R0_C4_lf5ACGACGCTCTTCCGATCTTC_rf3GCGATTAGATCGGAAGAGCA/optimized_matrices/clust-trimmed-matrices_train-vs-rand/ZNF831_HTS_ZNF831_R0_C4_lf5ACGACGCTCTTCCGATCTTC_rf3GCGATTAGATCGGAAGAGCA_clust-trimmed-matrices_train-vs-rand_gen0_scored.tf	results	final	train	HTS	ZNF831	ZNF831_R0_C4_lf5ACGACGCTCTTCCGATCTTC_rf3GCGATTAGATCGGAAGAGCA	optimized_matrices	clust-trimmed-matrices_train-vs-rand	ZNF831_HTS_ZNF831_R0_C4_lf5ACGACGCTCTTCCGATCTTC_rf3GCGATTAGATCGGAAGAGCA_clust-trimmed-matrices_train-vs-rand_gen0-20_score_table.tsv	2278	ZNF831:HTS:cluster_1	Unique	99	ZNF831:HTS	99	1	ZNF831:HTS:0	1	Unique	1
0	cluster_2	cluster_2	0.98961	0.9893801965	0.9883184253	0.9901946444	Origin	Origin	1	results/final/train/CHS/ZNF395/THC_0294.Rep-DIANA_0293/optimized_matrices/clust-trimmed-matrices_train-vs-rand/ZNF395_CHS_THC_0294.Rep-DIANA_0293_clust-trimmed-matrices_train-vs-rand_gen0-20_score_table.tsv	results/final/train/CHS/ZNF395/THC_0294.Rep-DIANA_0293/optimized_matrices/clust-trimmed-matrices_train-vs-rand/ZNF395_CHS_THC_0294.Rep-DIANA_0293_clust-trimmed-matrices_train-vs-rand_gen0_scored.tf	results	final	train	CHS	ZNF395	THC_0294.Rep-DIANA_0293	optimized_matrices	clust-trimmed-matrices_train-vs-rand	ZNF395_CHS_THC_0294.Rep-DIANA_0293_clust-trimmed-matrices_train-vs-rand_gen0-20_score_table.tsv	2440	ZNF395:CHS:cluster_2	Unique	529	ZNF395:CHS	101	1	ZNF395:CHS:0	1	Duplicate	0
0	cluster_1_node_3_2motifs	cluster_1_node_3_2motifs	0.98903	0.9890224976	0.9923104249	0.9922284955	Origin	Origin	1	results/final/train/HTS/TPRX1/TPRX1_R0_C4_lf5ACGACGCTCTTCCGATCTTC_rf3ACGGGAAGATCGGAAGAGCA/optimized_matrices/clust-trimmed-matrices_train-vs-rand/TPRX1_HTS_TPRX1_R0_C4_lf5ACGACGCTCTTCCGATCTTC_rf3ACGGGAAGATCGGAAGAGCA_clust-trimmed-matrices_train-vs-rand_gen0-20_score_table.tsv	results/final/train/HTS/TPRX1/TPRX1_R0_C4_lf5ACGACGCTCTTCCGATCTTC_rf3ACGGGAAGATCGGAAGAGCA/optimized_matrices/clust-trimmed-matrices_train-vs-rand/TPRX1_HTS_TPRX1_R0_C4_lf5ACGACGCTCTTCCGATCTTC_rf3ACGGGAAGATCGGAAGAGCA_clust-trimmed-matrices_train-vs-rand_gen0_scored.tf	results	final	train	HTS	TPRX1	TPRX1_R0_C4_lf5ACGACGCTCTTCCGATCTTC_rf3ACGGGAAGATCGGAAGAGCA	optimized_matrices	clust-trimmed-matrices_train-vs-rand	TPRX1_HTS_TPRX1_R0_C4_lf5ACGACGCTCTTCCGATCTTC_rf3ACGGGAAGATCGGAAGAGCA_clust-trimmed-matrices_train-vs-rand_gen0-20_score_table.tsv	2550	TPRX1:HTS:cluster_1_node_3_2motifs	Unique	99	TPRX1:HTS	99	1	TPRX1:HTS:0	1	Unique	1
20	cluster_2_G20_M4_C6	cluster_2_G20_M4_C6	0.95371	0.9532688686	0.9465132974	0.9467708891	cluster_2_G19_M4_C6	cluster_2_G19_M4_C6	1	results/final/train/GHTS/ZNF648/YWL_B_AffSeq_D10_ZNF648.C3/optimized_matrices/clust-trimmed-matrices_train-vs-rand/ZNF648_GHTS_YWL_B_AffSeq_D10_ZNF648.C3_clust-trimmed-matrices_train-vs-rand_gen0-20_score_table.tsv	results/final/train/GHTS/ZNF648/YWL_B_AffSeq_D10_ZNF648.C3/optimized_matrices/clust-trimmed-matrices_train-vs-rand/ZNF648_GHTS_YWL_B_AffSeq_D10_ZNF648.C3_clust-trimmed-matrices_train-vs-rand_gen20_scored.tf	results	final	train	GHTS	ZNF648	YWL_B_AffSeq_D10_ZNF648.C3	optimized_matrices	clust-trimmed-matrices_train-vs-rand	ZNF648_GHTS_YWL_B_AffSeq_D10_ZNF648.C3_clust-trimmed-matrices_train-vs-rand_gen0-20_score_table.tsv	8271	ZNF648:GHTS:cluster_2_G20_M4_C6	Unique	22	ZNF648:GHTS	1	1	ZNF648:GHTS:20	1	Duplicate	0
20	cluster_1_node_9_10motifs_G20_M3_C4	cluster_1_node_9_10motifs_G20_M3_C4	0.98817	0.9880577044	0.9890829812	0.9891553655	cluster_1_node_9_10motifs_G19_M3_C6	cluster_1_node_9_10motifs_G19_M3_C6	1	results/final/train/GHTS/ZNF367/YWR_B_AffSeq_E5_ZNF367-FL.C3/optimized_matrices/clust-trimmed-matrices_train-vs-rand/ZNF367_GHTS_YWR_B_AffSeq_E5_ZNF367-FL.C3_clust-trimmed-matrices_train-vs-rand_gen0-20_score_table.tsv	results/final/train/GHTS/ZNF367/YWR_B_AffSeq_E5_ZNF367-FL.C3/optimized_matrices/clust-trimmed-matrices_train-vs-rand/ZNF367_GHTS_YWR_B_AffSeq_E5_ZNF367-FL.C3_clust-trimmed-matrices_train-vs-rand_gen20_scored.tf	results	final	train	GHTS	ZNF367	YWR_B_AffSeq_E5_ZNF367-FL.C3	optimized_matrices	clust-trimmed-matrices_train-vs-rand	ZNF367_GHTS_YWR_B_AffSeq_E5_ZNF367-FL.C3_clust-trimmed-matrices_train-vs-rand_gen0-20_score_table.tsv	2701	ZNF367:GHTS:cluster_1_node_9_10motifs_G20_M3_C4	Unique	1	ZNF367:GHTS	1	1	ZNF367:GHTS:20	1	Duplicate	0
0	cluster_1_node_7_7motifs	cluster_1_node_7_7motifs	0.98809	0.9879610412	0.9874107097	0.9872468746	Origin	Origin	1	results/final/train/GHTS/PRDM13/YWP_B_AffSeq_C12_PRDM13-DBD.C2/optimized_matrices/clust-trimmed-matrices_train-vs-rand/PRDM13_GHTS_YWP_B_AffSeq_C12_PRDM13-DBD.C2_clust-trimmed-matrices_train-vs-rand_gen0-20_score_table.tsv	results/final/train/GHTS/PRDM13/YWP_B_AffSeq_C12_PRDM13-DBD.C2/optimized_matrices/clust-trimmed-matrices_train-vs-rand/PRDM13_GHTS_YWP_B_AffSeq_C12_PRDM13-DBD.C2_clust-trimmed-matrices_train-vs-rand_gen0_scored.tf	results	final	train	GHTS	PRDM13	YWP_B_AffSeq_C12_PRDM13-DBD.C2	optimized_matrices	clust-trimmed-matrices_train-vs-rand	PRDM13_GHTS_YWP_B_AffSeq_C12_PRDM13-DBD.C2_clust-trimmed-matrices_train-vs-rand_gen0-20_score_table.tsv	2718	PRDM13:GHTS:cluster_1_node_7_7motifs	Unique	261	PRDM13:GHTS	261	1	PRDM13:GHTS:0	1	Unique	1
0	cluster_1_node_1_2motifs	cluster_1_node_1_2motifs	0.98645	0.9863302549	0.9861946442	0.9862584162	Origin	Origin	1	results/final/train/GHTS/ZNF518B/YWR_B_AffSeq_C9_ZNF518B-DBD.C3/optimized_matrices/clust-trimmed-matrices_train-vs-rand/ZNF518B_GHTS_YWR_B_AffSeq_C9_ZNF518B-DBD.C3_clust-trimmed-matrices_train-vs-rand_gen0-20_score_table.tsv	results/final/train/GHTS/ZNF518B/YWR_B_AffSeq_C9_ZNF518B-DBD.C3/optimized_matrices/clust-trimmed-matrices_train-vs-rand/ZNF518B_GHTS_YWR_B_AffSeq_C9_ZNF518B-DBD.C3_clust-trimmed-matrices_train-vs-rand_gen0_scored.tf	results	final	train	GHTS	ZNF518B	YWR_B_AffSeq_C9_ZNF518B-DBD.C3	optimized_matrices	clust-trimmed-matrices_train-vs-rand	ZNF518B_GHTS_YWR_B_AffSeq_C9_ZNF518B-DBD.C3_clust-trimmed-matrices_train-vs-rand_gen0-20_score_table.tsv	3093	ZNF518B:GHTS:cluster_1_node_1_2motifs	Duplicate	141	ZNF518B:GHTS	141	1	ZNF518B:GHTS:0	1	Duplicate	0
0	cluster_1_node_1_2motifs	cluster_1_node_1_2motifs	0.98571	0.9851763057	0.9859067907	0.9870482532	Origin	Origin	1	results/final/train/GHTS/ZBED2/YWN_B_AffSeq_G11_ZBED2-FL.C2/optimized_matrices/clust-trimmed-matrices_train-vs-rand/ZBED2_GHTS_YWN_B_AffSeq_G11_ZBED2-FL.C2_clust-trimmed-matrices_train-vs-rand_gen0-20_score_table.tsv	results/final/train/GHTS/ZBED2/YWN_B_AffSeq_G11_ZBED2-FL.C2/optimized_matrices/clust-trimmed-matrices_train-vs-rand/ZBED2_GHTS_YWN_B_AffSeq_G11_ZBED2-FL.C2_clust-trimmed-matrices_train-vs-rand_gen0_scored.tf	results	final	train	GHTS	ZBED2	YWN_B_AffSeq_G11_ZBED2-FL.C2	optimized_matrices	clust-trimmed-matrices_train-vs-rand	ZBED2_GHTS_YWN_B_AffSeq_G11_ZBED2-FL.C2_clust-trimmed-matrices_train-vs-rand_gen0-20_score_table.tsv	3263	ZBED2:GHTS:cluster_1_node_1_2motifs	Duplicate	293	ZBED2:GHTS	293	1	ZBED2:GHTS:0	1	Duplicate	0
20	cluster_1_node_3_2motifs_G20_M2_C1	cluster_1_node_3_2motifs_G20_M2_C1	0.98548	0.9851011482	0.9792151946	0.9868592505	cluster_1_node_3_2motifs_G19_M3_C5	cluster_1_node_3_2motifs_G19_M3_C5	1	results/final/train/CHS/ZNF20/THC_0341.Rep-DIANA_0293/optimized_matrices/clust-trimmed-matrices_train-vs-rand/ZNF20_CHS_THC_0341.Rep-DIANA_0293_clust-trimmed-matrices_train-vs-rand_gen0-20_score_table.tsv	results/final/train/CHS/ZNF20/THC_0341.Rep-DIANA_0293/optimized_matrices/clust-trimmed-matrices_train-vs-rand/ZNF20_CHS_THC_0341.Rep-DIANA_0293_clust-trimmed-matrices_train-vs-rand_gen20_scored.tf	results	final	train	CHS	ZNF20	THC_0341.Rep-DIANA_0293	optimized_matrices	clust-trimmed-matrices_train-vs-rand	ZNF20_CHS_THC_0341.Rep-DIANA_0293_clust-trimmed-matrices_train-vs-rand_gen0-20_score_table.tsv	3321	ZNF20:CHS:cluster_1_node_3_2motifs_G20_M2_C1	Unique	1	ZNF20:CHS	1	1	ZNF20:CHS:20	1	Duplicate	0
0	cluster_1_node_5_4motifs	cluster_1_node_5_4motifs	0.98495	0.9848866929	0.9827600357	0.9824077644	Origin	Origin	1	results/final/train/GHTS/LEUTX/YWK_D_AffSeq_B7_LEUTX.C4/optimized_matrices/clust-trimmed-matrices_train-vs-rand/LEUTX_GHTS_YWK_D_AffSeq_B7_LEUTX.C4_clust-trimmed-matrices_train-vs-rand_gen0-20_score_table.tsv	results/final/train/GHTS/LEUTX/YWK_D_AffSeq_B7_LEUTX.C4/optimized_matrices/clust-trimmed-matrices_train-vs-rand/LEUTX_GHTS_YWK_D_AffSeq_B7_LEUTX.C4_clust-trimmed-matrices_train-vs-rand_gen0_scored.tf	results	final	train	GHTS	LEUTX	YWK_D_AffSeq_B7_LEUTX.C4	optimized_matrices	clust-trimmed-matrices_train-vs-rand	LEUTX_GHTS_YWK_D_AffSeq_B7_LEUTX.C4_clust-trimmed-matrices_train-vs-rand_gen0-20_score_table.tsv	3470	LEUTX:GHTS:cluster_1_node_5_4motifs	Unique	166	LEUTX:GHTS	166	1	LEUTX:GHTS:0	1	Unique	1
0	cluster_1	cluster_1	0.98468	0.9844576777	0.9876126592	0.9900983139	Origin	Origin	1	results/final/train/GHTS/SALL3/YWF_B_AffSeq_B02_SALL3.C2/optimized_matrices/clust-trimmed-matrices_train-vs-rand/SALL3_GHTS_YWF_B_AffSeq_B02_SALL3.C2_clust-trimmed-matrices_train-vs-rand_gen0-20_score_table.tsv	results/final/train/GHTS/SALL3/YWF_B_AffSeq_B02_SALL3.C2/optimized_matrices/clust-trimmed-matrices_train-vs-rand/SALL3_GHTS_YWF_B_AffSeq_B02_SALL3.C2_clust-trimmed-matrices_train-vs-rand_gen0_scored.tf	results	final	train	GHTS	SALL3	YWF_B_AffSeq_B02_SALL3.C2	optimized_matrices	clust-trimmed-matrices_train-vs-rand	SALL3_GHTS_YWF_B_AffSeq_B02_SALL3.C2_clust-trimmed-matrices_train-vs-rand_gen0-20_score_table.tsv	3543	SALL3:GHTS:cluster_1	Unique	101	SALL3:GHTS	101	1	SALL3:GHTS:0	1	Unique	1
19	positions_6nt_m2_G19_M1_C7	positions_6nt_m2_G19_M1_C7	0.88554	0.8855037676	0.634778914	0.6303428938	positions_6nt_m2_G17_M4_C8	positions_6nt_m2_G17_M4_C8	1	results/final/train/CHS/MYF6/THC_0721/optimized_matrices/peakmo-matrices_tf-vs-others/MYF6_CHS_THC_0721_peakmo-matrices_tf-vs-others_gen0-20_score_table.tsv	results/final/train/CHS/MYF6/THC_0721/optimized_matrices/peakmo-matrices_tf-vs-others/MYF6_CHS_THC_0721_peakmo-matrices_tf-vs-others_gen19_scored.tf	results	final	train	CHS	MYF6	THC_0721	optimized_matrices	peakmo-matrices_tf-vs-others	MYF6_CHS_THC_0721_peakmo-matrices_tf-vs-others_gen0-20_score_table.tsv	13781	MYF6:CHS:positions_6nt_m2_G19_M1_C7	Unique	211	MYF6:CHS	1	1	MYF6:CHS:19	1	Unique	0
20	cluster_1_node_1_2motifs_G20_M3_C9	cluster_1_node_1_2motifs_G20_M3_C9	0.98280	0.9820906433	0.9786924951	0.9837671571	cluster_1_node_1_2motifs_G19_M4_C10	cluster_1_node_1_2motifs_G19_M4_C10	1	results/final/train/GHTS/ZBED5/YWO_B_AffSeq_A1_ZBED5-FL.C3/optimized_matrices/clust-trimmed-matrices_train-vs-rand/ZBED5_GHTS_YWO_B_AffSeq_A1_ZBED5-FL.C3_clust-trimmed-matrices_train-vs-rand_gen0-20_score_table.tsv	results/final/train/GHTS/ZBED5/YWO_B_AffSeq_A1_ZBED5-FL.C3/optimized_matrices/clust-trimmed-matrices_train-vs-rand/ZBED5_GHTS_YWO_B_AffSeq_A1_ZBED5-FL.C3_clust-trimmed-matrices_train-vs-rand_gen20_scored.tf	results	final	train	GHTS	ZBED5	YWO_B_AffSeq_A1_ZBED5-FL.C3	optimized_matrices	clust-trimmed-matrices_train-vs-rand	ZBED5_GHTS_YWO_B_AffSeq_A1_ZBED5-FL.C3_clust-trimmed-matrices_train-vs-rand_gen0-20_score_table.tsv	3961	ZBED5:GHTS:cluster_1_node_1_2motifs_G20_M3_C9	Unique	1	ZBED5:GHTS	1	1	ZBED5:GHTS:20	1	Duplicate	0
20	cluster_2_G20_M5_C1	cluster_2_G20_M5_C1	0.92976	0.9297213141	0.9198532195	0.9187776876	cluster_2_G19_M5_C10	cluster_2_G19_M5_C10	1	results/final/train/SMS/MSANTD1/UT380-114/optimized_matrices/clust-trimmed-matrices_train-vs-rand/MSANTD1_SMS_UT380-114_clust-trimmed-matrices_train-vs-rand_gen0-20_score_table.tsv	results/final/train/SMS/MSANTD1/UT380-114/optimized_matrices/clust-trimmed-matrices_train-vs-rand/MSANTD1_SMS_UT380-114_clust-trimmed-matrices_train-vs-rand_gen20_scored.tf	results	final	train	SMS	MSANTD1	UT380-114	optimized_matrices	clust-trimmed-matrices_train-vs-rand	MSANTD1_SMS_UT380-114_clust-trimmed-matrices_train-vs-rand_gen0-20_score_table.tsv	10788	MSANTD1:SMS:cluster_2_G20_M5_C1	Unique	1	MSANTD1:SMS	1	1	MSANTD1:SMS:20	1	Duplicate	0
20	cluster_1_node_3_3motifs_G19_M5_C5	cluster_1_node_3_3motifs_G19_M5_C5	0.98077	0.9803800483	0.9808879268	0.9816142126	cluster_1_node_3_3motifs_G18_M5_C8	cluster_1_node_3_3motifs_G18_M5_C8	1	results/final/train/CHS/ZBED2/THC_0902/optimized_matrices/clust-trimmed-matrices_train-vs-rand/ZBED2_CHS_THC_0902_clust-trimmed-matrices_train-vs-rand_gen0-20_score_table.tsv	results/final/train/CHS/ZBED2/THC_0902/optimized_matrices/clust-trimmed-matrices_train-vs-rand/ZBED2_CHS_THC_0902_clust-trimmed-matrices_train-vs-rand_gen20_scored.tf	results	final	train	CHS	ZBED2	THC_0902	optimized_matrices	clust-trimmed-matrices_train-vs-rand	ZBED2_CHS_THC_0902_clust-trimmed-matrices_train-vs-rand_gen0-20_score_table.tsv	4179	ZBED2:CHS:cluster_1_node_3_3motifs_G19_M5_C5	Unique	351	ZBED2:CHS	1	1	ZBED2:CHS:20	1	Duplicate	0
0	cluster_2	cluster_2	0.86976	0.8697222304	0.8556165468	0.8536821672	Origin	Origin	1	results/final/train/SMS/MSANTD1/UT380-114/optimized_matrices/clust-trimmed-matrices_train-vs-rand/MSANTD1_SMS_UT380-114_clust-trimmed-matrices_train-vs-rand_gen0-20_score_table.tsv	results/final/train/SMS/MSANTD1/UT380-114/optimized_matrices/clust-trimmed-matrices_train-vs-rand/MSANTD1_SMS_UT380-114_clust-trimmed-matrices_train-vs-rand_gen0_scored.tf	results	final	train	SMS	MSANTD1	UT380-114	optimized_matrices	clust-trimmed-matrices_train-vs-rand	MSANTD1_SMS_UT380-114_clust-trimmed-matrices_train-vs-rand_gen0-20_score_table.tsv	14853	MSANTD1:SMS:cluster_2	Unique	100	MSANTD1:SMS	100	1	MSANTD1:SMS:0	1	Unique	1
0	cluster_1_node_3_2motifs	cluster_1_node_3_2motifs	0.97992	0.9796383871	0.9850885213	0.9865300047	Origin	Origin	1	results/final/train/GHTS/ZNF493/YWR_B_AffSeq_H7_ZNF493-FL.C1/optimized_matrices/clust-trimmed-matrices_train-vs-rand/ZNF493_GHTS_YWR_B_AffSeq_H7_ZNF493-FL.C1_clust-trimmed-matrices_train-vs-rand_gen0-20_score_table.tsv	results/final/train/GHTS/ZNF493/YWR_B_AffSeq_H7_ZNF493-FL.C1/optimized_matrices/clust-trimmed-matrices_train-vs-rand/ZNF493_GHTS_YWR_B_AffSeq_H7_ZNF493-FL.C1_clust-trimmed-matrices_train-vs-rand_gen0_scored.tf	results	final	train	GHTS	ZNF493	YWR_B_AffSeq_H7_ZNF493-FL.C1	optimized_matrices	clust-trimmed-matrices_train-vs-rand	ZNF493_GHTS_YWR_B_AffSeq_H7_ZNF493-FL.C1_clust-trimmed-matrices_train-vs-rand_gen0-20_score_table.tsv	4307	ZNF493:GHTS:cluster_1_node_3_2motifs	Unique	117	ZNF493:GHTS	117	1	ZNF493:GHTS:0	1	Unique	1
0	cluster_1_node_10_11motifs	cluster_1_node_10_11motifs	0.97851	0.9783616948	0.9792028047	0.9791400135	Origin	Origin	1	results/final/train/GHTS/ZNF367/YWR_B_AffSeq_E5_ZNF367-FL.C3/optimized_matrices/clust-trimmed-matrices_train-vs-rand/ZNF367_GHTS_YWR_B_AffSeq_E5_ZNF367-FL.C3_clust-trimmed-matrices_train-vs-rand_gen0-20_score_table.tsv	results/final/train/GHTS/ZNF367/YWR_B_AffSeq_E5_ZNF367-FL.C3/optimized_matrices/clust-trimmed-matrices_train-vs-rand/ZNF367_GHTS_YWR_B_AffSeq_E5_ZNF367-FL.C3_clust-trimmed-matrices_train-vs-rand_gen0_scored.tf	results	final	train	GHTS	ZNF367	YWR_B_AffSeq_E5_ZNF367-FL.C3	optimized_matrices	clust-trimmed-matrices_train-vs-rand	ZNF367_GHTS_YWR_B_AffSeq_E5_ZNF367-FL.C3_clust-trimmed-matrices_train-vs-rand_gen0-20_score_table.tsv	4484	ZNF367:GHTS:cluster_1_node_10_11motifs	Duplicate	194	ZNF367:GHTS	194	1	ZNF367:GHTS:0	1	Duplicate	0
20	positions_7nt_m1_G20_M4_C4	positions_7nt_m1_G20_M4_C4	0.97521	0.9747886427	0.3935662797	0.388940438	positions_7nt_m1_G19_M2_C9	positions_7nt_m1_G19_M2_C9	1	results/final/train/CHS/SALL3/THC_0314.Rep-DIANA_0293/optimized_matrices/peakmo-matrices_tf-vs-others/SALL3_CHS_THC_0314.Rep-DIANA_0293_peakmo-matrices_tf-vs-others_gen0-20_score_table.tsv	results/final/train/CHS/SALL3/THC_0314.Rep-DIANA_0293/optimized_matrices/peakmo-matrices_tf-vs-others/SALL3_CHS_THC_0314.Rep-DIANA_0293_peakmo-matrices_tf-vs-others_gen20_scored.tf	results	final	train	CHS	SALL3	THC_0314.Rep-DIANA_0293	optimized_matrices	peakmo-matrices_tf-vs-others	SALL3_CHS_THC_0314.Rep-DIANA_0293_peakmo-matrices_tf-vs-others_gen0-20_score_table.tsv	5042	SALL3:CHS:positions_7nt_m1_G20_M4_C4	Unique	355	SALL3:CHS	1	1	SALL3:CHS:20	1	Duplicate	0
20	cluster_1_node_1_2motifs_G20_M1_C7	cluster_1_node_1_2motifs_G20_M1_C7	0.97379	0.9735974651	0.9678257871	0.9676932451	cluster_1_node_1_2motifs_G19_M2_C2	cluster_1_node_1_2motifs_G19_M2_C2	1	results/final/train/CHS/USF3/THC_0757/optimized_matrices/clust-trimmed-matrices_train-vs-rand/USF3_CHS_THC_0757_clust-trimmed-matrices_train-vs-rand_gen0-20_score_table.tsv	results/final/train/CHS/USF3/THC_0757/optimized_matrices/clust-trimmed-matrices_train-vs-rand/USF3_CHS_THC_0757_clust-trimmed-matrices_train-vs-rand_gen20_scored.tf	results	final	train	CHS	USF3	THC_0757	optimized_matrices	clust-trimmed-matrices_train-vs-rand	USF3_CHS_THC_0757_clust-trimmed-matrices_train-vs-rand_gen0-20_score_table.tsv	5285	USF3:CHS:cluster_1_node_1_2motifs_G20_M1_C7	Unique	841	USF3:CHS	1	1	USF3:CHS:20	1	Duplicate	0
20	cluster_8_G20_M3_C7	cluster_8_G20_M3_C7	0.96930	0.9681318681	0.9620229404	0.9717400748	cluster_8_G19_M4_C2	cluster_8_G19_M4_C2	1	results/final/train/CHS/ZNF493/THC_0389.Rep-MICHELLE_0314/optimized_matrices/clust-trimmed-matrices_train-vs-rand/ZNF493_CHS_THC_0389.Rep-MICHELLE_0314_clust-trimmed-matrices_train-vs-rand_gen0-20_score_table.tsv	results/final/train/CHS/ZNF493/THC_0389.Rep-MICHELLE_0314/optimized_matrices/clust-trimmed-matrices_train-vs-rand/ZNF493_CHS_THC_0389.Rep-MICHELLE_0314_clust-trimmed-matrices_train-vs-rand_gen20_scored.tf	results	final	train	CHS	ZNF493	THC_0389.Rep-MICHELLE_0314	optimized_matrices	clust-trimmed-matrices_train-vs-rand	ZNF493_CHS_THC_0389.Rep-MICHELLE_0314_clust-trimmed-matrices_train-vs-rand_gen0-20_score_table.tsv	6139	ZNF493:CHS:cluster_8_G20_M3_C7	Unique	189	ZNF493:CHS	1	1	ZNF493:CHS:20	1	Duplicate	0
0	cluster_1_node_6_3motifs	cluster_1_node_6_3motifs	0.96613	0.9659058498	0.9682923562	0.9678946303	Origin	Origin	1	results/final/train/GHTS/MYF6/YWK_D_AffSeq_B12_MYF6.C4/optimized_matrices/clust-trimmed-matrices_train-vs-rand/MYF6_GHTS_YWK_D_AffSeq_B12_MYF6.C4_clust-trimmed-matrices_train-vs-rand_gen0-20_score_table.tsv	results/final/train/GHTS/MYF6/YWK_D_AffSeq_B12_MYF6.C4/optimized_matrices/clust-trimmed-matrices_train-vs-rand/MYF6_GHTS_YWK_D_AffSeq_B12_MYF6.C4_clust-trimmed-matrices_train-vs-rand_gen0_scored.tf	results	final	train	GHTS	MYF6	YWK_D_AffSeq_B12_MYF6.C4	optimized_matrices	clust-trimmed-matrices_train-vs-rand	MYF6_GHTS_YWK_D_AffSeq_B12_MYF6.C4_clust-trimmed-matrices_train-vs-rand_gen0-20_score_table.tsv	6508	MYF6:GHTS:cluster_1_node_6_3motifs	Unique	99	MYF6:GHTS	99	1	MYF6:GHTS:0	1	Unique	1
0	positions_7nt_m2	positions_7nt_m2	0.96591	0.9654180186	0.3226220886	0.3195496137	Origin	Origin	1	results/final/train/CHS/SALL3/THC_0314.Rep-DIANA_0293/optimized_matrices/peakmo-matrices_tf-vs-others/SALL3_CHS_THC_0314.Rep-DIANA_0293_peakmo-matrices_tf-vs-others_gen0-20_score_table.tsv	results/final/train/CHS/SALL3/THC_0314.Rep-DIANA_0293/optimized_matrices/peakmo-matrices_tf-vs-others/SALL3_CHS_THC_0314.Rep-DIANA_0293_peakmo-matrices_tf-vs-others_gen0_scored.tf	results	final	train	CHS	SALL3	THC_0314.Rep-DIANA_0293	optimized_matrices	peakmo-matrices_tf-vs-others	SALL3_CHS_THC_0314.Rep-DIANA_0293_peakmo-matrices_tf-vs-others_gen0-20_score_table.tsv	6560	SALL3:CHS:positions_7nt_m2	Unique	898	SALL3:CHS	101	1	SALL3:CHS:0	1	Duplicate	0
20	cluster_2_node_5_5motifs_G20_M4_C3	cluster_2_node_5_5motifs_G20_M4_C3	0.96333	0.9630006769	0.9702781829	0.9706964128	cluster_2_node_5_5motifs_G19_M2_C10	cluster_2_node_5_5motifs_G19_M2_C10	1	results/final/train/CHS/CAMTA1/THC_0249/optimized_matrices/clust-trimmed-matrices_train-vs-rand/CAMTA1_CHS_THC_0249_clust-trimmed-matrices_train-vs-rand_gen0-20_score_table.tsv	results/final/train/CHS/CAMTA1/THC_0249/optimized_matrices/clust-trimmed-matrices_train-vs-rand/CAMTA1_CHS_THC_0249_clust-trimmed-matrices_train-vs-rand_gen20_scored.tf	results	final	train	CHS	CAMTA1	THC_0249	optimized_matrices	clust-trimmed-matrices_train-vs-rand	CAMTA1_CHS_THC_0249_clust-trimmed-matrices_train-vs-rand_gen0-20_score_table.tsv	6956	CAMTA1:CHS:cluster_2_node_5_5motifs_G20_M4_C3	Unique	1	CAMTA1:CHS	1	1	CAMTA1:CHS:20	1	Duplicate	0
20	cluster_1_node_6_2motifs_G20_M3_C2	cluster_1_node_6_2motifs_G20_M3_C2	0.96030	0.9599439679	0.9702355785	0.9701687919	cluster_1_node_6_2motifs_G19_M3_C1	cluster_1_node_6_2motifs_G19_M3_C1	1	results/final/train/GHTS/ZNF251/YWR_B_AffSeq_A3_ZNF251-FL.C3/optimized_matrices/clust-trimmed-matrices_train-vs-rand/ZNF251_GHTS_YWR_B_AffSeq_A3_ZNF251-FL.C3_clust-trimmed-matrices_train-vs-rand_gen0-20_score_table.tsv	results/final/train/GHTS/ZNF251/YWR_B_AffSeq_A3_ZNF251-FL.C3/optimized_matrices/clust-trimmed-matrices_train-vs-rand/ZNF251_GHTS_YWR_B_AffSeq_A3_ZNF251-FL.C3_clust-trimmed-matrices_train-vs-rand_gen20_scored.tf	results	final	train	GHTS	ZNF251	YWR_B_AffSeq_A3_ZNF251-FL.C3	optimized_matrices	clust-trimmed-matrices_train-vs-rand	ZNF251_GHTS_YWR_B_AffSeq_A3_ZNF251-FL.C3_clust-trimmed-matrices_train-vs-rand_gen0-20_score_table.tsv	7449	ZNF251:GHTS:cluster_1_node_6_2motifs_G20_M3_C2	Unique	1	ZNF251:GHTS	1	1	ZNF251:GHTS:20	1	Unique	0
20	cluster_2_node_2_2motifs_G20_M3_C5	cluster_2_node_2_2motifs_G20_M3_C5	0.95609	0.9555561454	0.9629368459	0.9632255206	cluster_2_node_2_2motifs_G19_M2_C6	cluster_2_node_2_2motifs_G19_M2_C6	1	results/final/train/GHTS/ZNF20/YWR_B_AffSeq_B1_ZNF20-FL.C2/optimized_matrices/clust-trimmed-matrices_train-vs-rand/ZNF20_GHTS_YWR_B_AffSeq_B1_ZNF20-FL.C2_clust-trimmed-matrices_train-vs-rand_gen0-20_score_table.tsv	results/final/train/GHTS/ZNF20/YWR_B_AffSeq_B1_ZNF20-FL.C2/optimized_matrices/clust-trimmed-matrices_train-vs-rand/ZNF20_GHTS_YWR_B_AffSeq_B1_ZNF20-FL.C2_clust-trimmed-matrices_train-vs-rand_gen20_scored.tf	results	final	train	GHTS	ZNF20	YWR_B_AffSeq_B1_ZNF20-FL.C2	optimized_matrices	clust-trimmed-matrices_train-vs-rand	ZNF20_GHTS_YWR_B_AffSeq_B1_ZNF20-FL.C2_clust-trimmed-matrices_train-vs-rand_gen0-20_score_table.tsv	7967	ZNF20:GHTS:cluster_2_node_2_2motifs_G20_M3_C5	Unique	75	ZNF20:GHTS	1	1	ZNF20:GHTS:20	1	Unique	0
20	cluster_2_G20_M5_C2	cluster_2_G20_M5_C2	0.95599	0.955723609	0.953422903	0.9528878947	cluster_2_G19_M4_C9	cluster_2_G19_M4_C9	1	results/final/train/CHS/ZNF648/THC_0775/optimized_matrices/clust-trimmed-matrices_train-vs-rand/ZNF648_CHS_THC_0775_clust-trimmed-matrices_train-vs-rand_gen0-20_score_table.tsv	results/final/train/CHS/ZNF648/THC_0775/optimized_matrices/clust-trimmed-matrices_train-vs-rand/ZNF648_CHS_THC_0775_clust-trimmed-matrices_train-vs-rand_gen20_scored.tf	results	final	train	CHS	ZNF648	THC_0775	optimized_matrices	clust-trimmed-matrices_train-vs-rand	ZNF648_CHS_THC_0775_clust-trimmed-matrices_train-vs-rand_gen0-20_score_table.tsv	7977	ZNF648:CHS:cluster_2_G20_M5_C2	Unique	1	ZNF648:CHS	1	1	ZNF648:CHS:20	1	Duplicate	0
0	cluster_1_node_3_3motifs	cluster_1_node_3_3motifs	0.95544	0.9546252636	0.9583308501	0.9579313001	Origin	Origin	1	results/final/train/CHS/ZBED2/THC_0902/optimized_matrices/clust-trimmed-matrices_train-vs-rand/ZBED2_CHS_THC_0902_clust-trimmed-matrices_train-vs-rand_gen0-20_score_table.tsv	results/final/train/CHS/ZBED2/THC_0902/optimized_matrices/clust-trimmed-matrices_train-vs-rand/ZBED2_CHS_THC_0902_clust-trimmed-matrices_train-vs-rand_gen0_scored.tf	results	final	train	CHS	ZBED2	THC_0902	optimized_matrices	clust-trimmed-matrices_train-vs-rand	ZBED2_CHS_THC_0902_clust-trimmed-matrices_train-vs-rand_gen0-20_score_table.tsv	8067	ZBED2:CHS:cluster_1_node_3_3motifs	Unique	935	ZBED2:CHS	101	1	ZBED2:CHS:0	1	Duplicate	0
20	cluster_3_G20_M4_C1	cluster_3_G20_M4_C1	0.95233	0.9523495126	0.9540771958	0.9535906909	cluster_3_G19_M2_C1	cluster_3_G19_M2_C1	1	results/final/train/HTS/CREB3L3/CREB3L3_R1_C4_lf5ACGACGCTCTTCCGATCTGG_rf3GGTTTAAGATCGGAAGAGCA/optimized_matrices/clust-trimmed-matrices_train-vs-rand/CREB3L3_HTS_CREB3L3_R1_C4_lf5ACGACGCTCTTCCGATCTGG_rf3GGTTTAAGATCGGAAGAGCA_clust-trimmed-matrices_train-vs-rand_gen0-20_score_table.tsv	results/final/train/HTS/CREB3L3/CREB3L3_R1_C4_lf5ACGACGCTCTTCCGATCTGG_rf3GGTTTAAGATCGGAAGAGCA/optimized_matrices/clust-trimmed-matrices_train-vs-rand/CREB3L3_HTS_CREB3L3_R1_C4_lf5ACGACGCTCTTCCGATCTGG_rf3GGTTTAAGATCGGAAGAGCA_clust-trimmed-matrices_train-vs-rand_gen20_scored.tf	results	final	train	HTS	CREB3L3	CREB3L3_R1_C4_lf5ACGACGCTCTTCCGATCTGG_rf3GGTTTAAGATCGGAAGAGCA	optimized_matrices	clust-trimmed-matrices_train-vs-rand	CREB3L3_HTS_CREB3L3_R1_C4_lf5ACGACGCTCTTCCGATCTGG_rf3GGTTTAAGATCGGAAGAGCA_clust-trimmed-matrices_train-vs-rand_gen0-20_score_table.tsv	8438	CREB3L3:HTS:cluster_3_G20_M4_C1	Unique	1	CREB3L3:HTS	1	1	CREB3L3:HTS:20	1	Unique	0
20	cluster_1_node_3_2motifs_G20_M3_C4	cluster_1_node_3_2motifs_G20_M3_C4	0.95103	0.9510273137	0.9558557437	0.9555665347	cluster_1_node_3_2motifs_G19_M2_C9	cluster_1_node_3_2motifs_G19_M2_C9	1	results/final/train/HTS/ZNF500/ZNF500_R0_C3_lf5ACGACGCTCTTCCGATCTAT_rf3TCCCGAAGATCGGAAGAGCA/optimized_matrices/clust-trimmed-matrices_train-vs-rand/ZNF500_HTS_ZNF500_R0_C3_lf5ACGACGCTCTTCCGATCTAT_rf3TCCCGAAGATCGGAAGAGCA_clust-trimmed-matrices_train-vs-rand_gen0-20_score_table.tsv	results/final/train/HTS/ZNF500/ZNF500_R0_C3_lf5ACGACGCTCTTCCGATCTAT_rf3TCCCGAAGATCGGAAGAGCA/optimized_matrices/clust-trimmed-matrices_train-vs-rand/ZNF500_HTS_ZNF500_R0_C3_lf5ACGACGCTCTTCCGATCTAT_rf3TCCCGAAGATCGGAAGAGCA_clust-trimmed-matrices_train-vs-rand_gen20_scored.tf	results	final	train	HTS	ZNF500	ZNF500_R0_C3_lf5ACGACGCTCTTCCGATCTAT_rf3TCCCGAAGATCGGAAGAGCA	optimized_matrices	clust-trimmed-matrices_train-vs-rand	ZNF500_HTS_ZNF500_R0_C3_lf5ACGACGCTCTTCCGATCTAT_rf3TCCCGAAGATCGGAAGAGCA_clust-trimmed-matrices_train-vs-rand_gen0-20_score_table.tsv	8582	ZNF500:HTS:cluster_1_node_3_2motifs_G20_M3_C4	Unique	1	ZNF500:HTS	1	1	ZNF500:HTS:20	1	Unique	0
0	cluster_2_node_4_4motifs	cluster_2_node_4_4motifs	0.94477	0.9443688129	0.9546231501	0.9548331741	Origin	Origin	1	results/final/train/CHS/CAMTA1/THC_0249/optimized_matrices/clust-trimmed-matrices_train-vs-rand/CAMTA1_CHS_THC_0249_clust-trimmed-matrices_train-vs-rand_gen0-20_score_table.tsv	results/final/train/CHS/CAMTA1/THC_0249/optimized_matrices/clust-trimmed-matrices_train-vs-rand/CAMTA1_CHS_THC_0249_clust-trimmed-matrices_train-vs-rand_gen0_scored.tf	results	final	train	CHS	CAMTA1	THC_0249	optimized_matrices	clust-trimmed-matrices_train-vs-rand	CAMTA1_CHS_THC_0249_clust-trimmed-matrices_train-vs-rand_gen0-20_score_table.tsv	9233	CAMTA1:CHS:cluster_2_node_4_4motifs	Unique	101	CAMTA1:CHS	101	1	CAMTA1:CHS:0	1	Duplicate	0
20	oligos_6-7nt_m3_G20_M5_C3	oligos_6-7nt_m3_G20_M5_C3	0.94170	0.9410032286	0.6651892218	0.6618157042	oligos_6-7nt_m3_G19_M3_C7	oligos_6-7nt_m3_G19_M3_C7	1	results/final/train/PBM/MYPOP/SD_PBM13664/optimized_matrices/peakmo-diff-matrices_top0500-vs-bg35000_tf-vs-others/MYPOP_PBM_SD_PBM13664_peakmo-diff-matrices_top0500-vs-bg35000_tf-vs-others_gen0-20_score_table.tsv	results/final/train/PBM/MYPOP/SD_PBM13664/optimized_matrices/peakmo-diff-matrices_top0500-vs-bg35000_tf-vs-others/MYPOP_PBM_SD_PBM13664_peakmo-diff-matrices_top0500-vs-bg35000_tf-vs-others_gen20_scored.tf	results	final	train	PBM	MYPOP	SD_PBM13664	optimized_matrices	peakmo-diff-matrices_top0500-vs-bg35000_tf-vs-others	MYPOP_PBM_SD_PBM13664_peakmo-diff-matrices_top0500-vs-bg35000_tf-vs-others_gen0-20_score_table.tsv	9540	MYPOP:PBM:oligos_6-7nt_m3_G20_M5_C3	Unique	503	MYPOP:PBM	1	1	MYPOP:PBM:20	1	Duplicate	0
20	cluster_5_G20_M5_C3	cluster_5_G20_M5_C3	0.93800	0.9373213157	0.9397577106	0.93951585	cluster_5_G19_M5_C8	cluster_5_G19_M5_C8	1	results/final/train/GHTS/CAMTA1/YWK_D_AffSeq_G3_CAMTA1.C4/optimized_matrices/clust-trimmed-matrices_train-vs-rand/CAMTA1_GHTS_YWK_D_AffSeq_G3_CAMTA1.C4_clust-trimmed-matrices_train-vs-rand_gen0-20_score_table.tsv	results/final/train/GHTS/CAMTA1/YWK_D_AffSeq_G3_CAMTA1.C4/optimized_matrices/clust-trimmed-matrices_train-vs-rand/CAMTA1_GHTS_YWK_D_AffSeq_G3_CAMTA1.C4_clust-trimmed-matrices_train-vs-rand_gen20_scored.tf	results	final	train	GHTS	CAMTA1	YWK_D_AffSeq_G3_CAMTA1.C4	optimized_matrices	clust-trimmed-matrices_train-vs-rand	CAMTA1_GHTS_YWK_D_AffSeq_G3_CAMTA1.C4_clust-trimmed-matrices_train-vs-rand_gen0-20_score_table.tsv	9917	CAMTA1:GHTS:cluster_5_G20_M5_C3	Unique	106	CAMTA1:GHTS	1	1	CAMTA1:GHTS:20	1	Unique	0
20	dyads_test_vs_ctrl_m3_G20_M2_C1	dyads_test_vs_ctrl_m3_G20_M2_C1	0.93753	0.9366103429	0.577102764	0.5717781213	dyads_test_vs_ctrl_m3_G19_M1_C7	dyads_test_vs_ctrl_m3_G19_M1_C7	1	results/final/train/PBM/GCM1/QNZS_PBM14343/optimized_matrices/peakmo-diff-matrices_top0500-vs-bg35000_tf-vs-others/GCM1_PBM_QNZS_PBM14343_peakmo-diff-matrices_top0500-vs-bg35000_tf-vs-others_gen0-20_score_table.tsv	results/final/train/PBM/GCM1/QNZS_PBM14343/optimized_matrices/peakmo-diff-matrices_top0500-vs-bg35000_tf-vs-others/GCM1_PBM_QNZS_PBM14343_peakmo-diff-matrices_top0500-vs-bg35000_tf-vs-others_gen20_scored.tf	results	final	train	PBM	GCM1	QNZS_PBM14343	optimized_matrices	peakmo-diff-matrices_top0500-vs-bg35000_tf-vs-others	GCM1_PBM_QNZS_PBM14343_peakmo-diff-matrices_top0500-vs-bg35000_tf-vs-others_gen0-20_score_table.tsv	9977	GCM1:PBM:dyads_test_vs_ctrl_m3_G20_M2_C1	Unique	1	GCM1:PBM	1	1	GCM1:PBM:20	1	Duplicate	0
20	cluster_3_G20_M2_C10	cluster_3_G20_M2_C10	0.86242	0.8624185635	0.8386447523	0.8380238745	cluster_3_G19_M3_C1	cluster_3_G19_M3_C1	1	results/final/train/HTS/MSANTD1/MSANTD1_R0_C2_lf5ACGACGCTCTTCCGATCTAA_rf3GTGGTGAGATCGGAAGAGCA/optimized_matrices/clust-trimmed-matrices_train-vs-rand/MSANTD1_HTS_MSANTD1_R0_C2_lf5ACGACGCTCTTCCGATCTAA_rf3GTGGTGAGATCGGAAGAGCA_clust-trimmed-matrices_train-vs-rand_gen0-20_score_table.tsv	results/final/train/HTS/MSANTD1/MSANTD1_R0_C2_lf5ACGACGCTCTTCCGATCTAA_rf3GTGGTGAGATCGGAAGAGCA/optimized_matrices/clust-trimmed-matrices_train-vs-rand/MSANTD1_HTS_MSANTD1_R0_C2_lf5ACGACGCTCTTCCGATCTAA_rf3GTGGTGAGATCGGAAGAGCA_clust-trimmed-matrices_train-vs-rand_gen20_scored.tf	results	final	train	HTS	MSANTD1	MSANTD1_R0_C2_lf5ACGACGCTCTTCCGATCTAA_rf3GTGGTGAGATCGGAAGAGCA	optimized_matrices	clust-trimmed-matrices_train-vs-rand	MSANTD1_HTS_MSANTD1_R0_C2_lf5ACGACGCTCTTCCGATCTAA_rf3GTGGTGAGATCGGAAGAGCA_clust-trimmed-matrices_train-vs-rand_gen0-20_score_table.tsv	15341	MSANTD1:HTS:cluster_3_G20_M2_C10	Unique	103	MSANTD1:HTS	1	1	MSANTD1:HTS:20	1	Unique	0
20	cluster_2_G20_M5_C2	cluster_2_G20_M5_C2	0.93111	0.9311356507	0.9058715159	0.9051187253	cluster_2_G19_M5_C2	cluster_2_G19_M5_C2	1	results/final/train/SMS/ZNF500/UT380-357/optimized_matrices/clust-trimmed-matrices_train-vs-rand/ZNF500_SMS_UT380-357_clust-trimmed-matrices_train-vs-rand_gen0-20_score_table.tsv	results/final/train/SMS/ZNF500/UT380-357/optimized_matrices/clust-trimmed-matrices_train-vs-rand/ZNF500_SMS_UT380-357_clust-trimmed-matrices_train-vs-rand_gen20_scored.tf	results	final	train	SMS	ZNF500	UT380-357	optimized_matrices	clust-trimmed-matrices_train-vs-rand	ZNF500_SMS_UT380-357_clust-trimmed-matrices_train-vs-rand_gen0-20_score_table.tsv	10642	ZNF500:SMS:cluster_2_G20_M5_C2	Unique	67	ZNF500:SMS	1	1	ZNF500:SMS:20	1	Duplicate	0
20	cluster_6_G20_M2_C8	cluster_6_G20_M2_C8	0.93081	0.9308114259	0.9396267334	0.9408532499	cluster_6_G19_M5_C2	cluster_6_G19_M5_C2	1	results/final/train/HTS/ZNF286B/ZNF286B_R0_C3_lf5ACGACGCTCTTCCGATCTTG_rf3TGATCTAGATCGGAAGAGCA/optimized_matrices/clust-trimmed-matrices_train-vs-rand/ZNF286B_HTS_ZNF286B_R0_C3_lf5ACGACGCTCTTCCGATCTTG_rf3TGATCTAGATCGGAAGAGCA_clust-trimmed-matrices_train-vs-rand_gen0-20_score_table.tsv	results/final/train/HTS/ZNF286B/ZNF286B_R0_C3_lf5ACGACGCTCTTCCGATCTTG_rf3TGATCTAGATCGGAAGAGCA/optimized_matrices/clust-trimmed-matrices_train-vs-rand/ZNF286B_HTS_ZNF286B_R0_C3_lf5ACGACGCTCTTCCGATCTTG_rf3TGATCTAGATCGGAAGAGCA_clust-trimmed-matrices_train-vs-rand_gen20_scored.tf	results	final	train	HTS	ZNF286B	ZNF286B_R0_C3_lf5ACGACGCTCTTCCGATCTTG_rf3TGATCTAGATCGGAAGAGCA	optimized_matrices	clust-trimmed-matrices_train-vs-rand	ZNF286B_HTS_ZNF286B_R0_C3_lf5ACGACGCTCTTCCGATCTTG_rf3TGATCTAGATCGGAAGAGCA_clust-trimmed-matrices_train-vs-rand_gen0-20_score_table.tsv	10679	ZNF286B:HTS:cluster_6_G20_M2_C8	Unique	1	ZNF286B:HTS	1	1	ZNF286B:HTS:20	1	Unique	0
0	cluster_1_node_3_2motifs	cluster_1_node_3_2motifs	0.93022	0.9290254237	0.9436399268	0.9507179227	Origin	Origin	1	results/final/train/CHS/ZNF20/THC_0341.Rep-DIANA_0293/optimized_matrices/clust-trimmed-matrices_train-vs-rand/ZNF20_CHS_THC_0341.Rep-DIANA_0293_clust-trimmed-matrices_train-vs-rand_gen0-20_score_table.tsv	results/final/train/CHS/ZNF20/THC_0341.Rep-DIANA_0293/optimized_matrices/clust-trimmed-matrices_train-vs-rand/ZNF20_CHS_THC_0341.Rep-DIANA_0293_clust-trimmed-matrices_train-vs-rand_gen0_scored.tf	results	final	train	CHS	ZNF20	THC_0341.Rep-DIANA_0293	optimized_matrices	clust-trimmed-matrices_train-vs-rand	ZNF20_CHS_THC_0341.Rep-DIANA_0293_clust-trimmed-matrices_train-vs-rand_gen0-20_score_table.tsv	10741	ZNF20:CHS:cluster_1_node_3_2motifs	Duplicate	224	ZNF20:CHS	98	1	ZNF20:CHS:0	1	Duplicate	0
0	cluster_2	cluster_2	0.92978	0.9294603969	0.9252596187	0.9242029768	Origin	Origin	1	results/final/train/CHS/ZNF648/THC_0775/optimized_matrices/clust-trimmed-matrices_train-vs-rand/ZNF648_CHS_THC_0775_clust-trimmed-matrices_train-vs-rand_gen0-20_score_table.tsv	results/final/train/CHS/ZNF648/THC_0775/optimized_matrices/clust-trimmed-matrices_train-vs-rand/ZNF648_CHS_THC_0775_clust-trimmed-matrices_train-vs-rand_gen0_scored.tf	results	final	train	CHS	ZNF648	THC_0775	optimized_matrices	clust-trimmed-matrices_train-vs-rand	ZNF648_CHS_THC_0775_clust-trimmed-matrices_train-vs-rand_gen0-20_score_table.tsv	10783	ZNF648:CHS:cluster_2	Unique	227	ZNF648:CHS	101	1	ZNF648:CHS:0	1	Duplicate	0
20	oligos_6-7nt_m2_G20_M2_C4	oligos_6-7nt_m2_G20_M2_C4	0.75984	0.7582846286	0.06231599196	0.06124074239	oligos_6-7nt_m2_G19_M3_C4	oligos_6-7nt_m2_G19_M3_C4	1	results/final/train/PBM/MSANTD1/SD_PBM13661/optimized_matrices/peakmo-diff-matrices_top0500-vs-bg35000_tf-vs-others/MSANTD1_PBM_SD_PBM13661_peakmo-diff-matrices_top0500-vs-bg35000_tf-vs-others_gen0-20_score_table.tsv	results/final/train/PBM/MSANTD1/SD_PBM13661/optimized_matrices/peakmo-diff-matrices_top0500-vs-bg35000_tf-vs-others/MSANTD1_PBM_SD_PBM13661_peakmo-diff-matrices_top0500-vs-bg35000_tf-vs-others_gen20_scored.tf	results	final	train	PBM	MSANTD1	SD_PBM13661	optimized_matrices	peakmo-diff-matrices_top0500-vs-bg35000_tf-vs-others	MSANTD1_PBM_SD_PBM13661_peakmo-diff-matrices_top0500-vs-bg35000_tf-vs-others_gen0-20_score_table.tsv	20854	MSANTD1:PBM:oligos_6-7nt_m2_G20_M2_C4	Unique	266	MSANTD1:PBM	1	1	MSANTD1:PBM:20	1	Duplicate	0
0	cluster_1_node_1_2motifs	cluster_1_node_1_2motifs	0.92619	0.9258235551	0.9316446628	0.9307376437	Origin	Origin	1	results/final/train/CHS/USF3/THC_0757/optimized_matrices/clust-trimmed-matrices_train-vs-rand/USF3_CHS_THC_0757_clust-trimmed-matrices_train-vs-rand_gen0-20_score_table.tsv	results/final/train/CHS/USF3/THC_0757/optimized_matrices/clust-trimmed-matrices_train-vs-rand/USF3_CHS_THC_0757_clust-trimmed-matrices_train-vs-rand_gen0_scored.tf	results	final	train	CHS	USF3	THC_0757	optimized_matrices	clust-trimmed-matrices_train-vs-rand	USF3_CHS_THC_0757_clust-trimmed-matrices_train-vs-rand_gen0-20_score_table.tsv	11117	USF3:CHS:cluster_1_node_1_2motifs	Duplicate	939	USF3:CHS	99	1	USF3:CHS:0	1	Duplicate	0
0	oligos_6-7nt_m3	oligos_6-7nt_m3	0.92303	0.9221253429	0.56504546	0.5602559026	Origin	Origin	1	results/final/train/PBM/MYPOP/SD_PBM13664/optimized_matrices/peakmo-diff-matrices_top0500-vs-bg35000_tf-vs-others/MYPOP_PBM_SD_PBM13664_peakmo-diff-matrices_top0500-vs-bg35000_tf-vs-others_gen0-20_score_table.tsv	results/final/train/PBM/MYPOP/SD_PBM13664/optimized_matrices/peakmo-diff-matrices_top0500-vs-bg35000_tf-vs-others/MYPOP_PBM_SD_PBM13664_peakmo-diff-matrices_top0500-vs-bg35000_tf-vs-others_gen0_scored.tf	results	final	train	PBM	MYPOP	SD_PBM13664	optimized_matrices	peakmo-diff-matrices_top0500-vs-bg35000_tf-vs-others	MYPOP_PBM_SD_PBM13664_peakmo-diff-matrices_top0500-vs-bg35000_tf-vs-others_gen0-20_score_table.tsv	11397	MYPOP:PBM:oligos_6-7nt_m3	Duplicate	868	MYPOP:PBM	177	1	MYPOP:PBM:0	1	Duplicate	0
0	cluster_1_node_6_2motifs	cluster_1_node_6_2motifs	0.91942	0.9190133893	0.9457852753	0.9456719341	Origin	Origin	1	results/final/train/GHTS/ZNF251/YWR_B_AffSeq_A3_ZNF251-FL.C3/optimized_matrices/clust-trimmed-matrices_train-vs-rand/ZNF251_GHTS_YWR_B_AffSeq_A3_ZNF251-FL.C3_clust-trimmed-matrices_train-vs-rand_gen0-20_score_table.tsv	results/final/train/GHTS/ZNF251/YWR_B_AffSeq_A3_ZNF251-FL.C3/optimized_matrices/clust-trimmed-matrices_train-vs-rand/ZNF251_GHTS_YWR_B_AffSeq_A3_ZNF251-FL.C3_clust-trimmed-matrices_train-vs-rand_gen0_scored.tf	results	final	train	GHTS	ZNF251	YWR_B_AffSeq_A3_ZNF251-FL.C3	optimized_matrices	clust-trimmed-matrices_train-vs-rand	ZNF251_GHTS_YWR_B_AffSeq_A3_ZNF251-FL.C3_clust-trimmed-matrices_train-vs-rand_gen0-20_score_table.tsv	11604	ZNF251:GHTS:cluster_1_node_6_2motifs	Unique	190	ZNF251:GHTS	190	1	ZNF251:GHTS:0	1	Unique	1
20	cluster_2_node_3_2motifs_G20_M2_C9	cluster_2_node_3_2motifs_G20_M2_C9	0.91940	0.9192706957	0.9196422999	0.9175382855	cluster_2_node_3_2motifs_G19_M2_C8	cluster_2_node_3_2motifs_G19_M2_C8	1	results/final/train/CHS/PRDM13/THC_0223/optimized_matrices/clust-trimmed-matrices_train-vs-rand/PRDM13_CHS_THC_0223_clust-trimmed-matrices_train-vs-rand_gen0-20_score_table.tsv	results/final/train/CHS/PRDM13/THC_0223/optimized_matrices/clust-trimmed-matrices_train-vs-rand/PRDM13_CHS_THC_0223_clust-trimmed-matrices_train-vs-rand_gen20_scored.tf	results	final	train	CHS	PRDM13	THC_0223	optimized_matrices	clust-trimmed-matrices_train-vs-rand	PRDM13_CHS_THC_0223_clust-trimmed-matrices_train-vs-rand_gen0-20_score_table.tsv	11607	PRDM13:CHS:cluster_2_node_3_2motifs_G20_M2_C9	Unique	1210	PRDM13:CHS	1	1	PRDM13:CHS:20	1	Duplicate	0
0	dyads_test_vs_ctrl_m3	dyads_test_vs_ctrl_m3	0.91866	0.9175096571	0.5299080906	0.5240721739	Origin	Origin	1	results/final/train/PBM/GCM1/QNZS_PBM14343/optimized_matrices/peakmo-diff-matrices_top0500-vs-bg35000_tf-vs-others/GCM1_PBM_QNZS_PBM14343_peakmo-diff-matrices_top0500-vs-bg35000_tf-vs-others_gen0-20_score_table.tsv	results/final/train/PBM/GCM1/QNZS_PBM14343/optimized_matrices/peakmo-diff-matrices_top0500-vs-bg35000_tf-vs-others/GCM1_PBM_QNZS_PBM14343_peakmo-diff-matrices_top0500-vs-bg35000_tf-vs-others_gen0_scored.tf	results	final	train	PBM	GCM1	QNZS_PBM14343	optimized_matrices	peakmo-diff-matrices_top0500-vs-bg35000_tf-vs-others	GCM1_PBM_QNZS_PBM14343_peakmo-diff-matrices_top0500-vs-bg35000_tf-vs-others_gen0-20_score_table.tsv	11661	GCM1:PBM:dyads_test_vs_ctrl_m3	Unique	100	GCM1:PBM	100	1	GCM1:PBM:0	1	Duplicate	0
20	cluster_2_G20_M4_C4	cluster_2_G20_M4_C4	0.99960	0.9993963783	0.9855269364	0.9992306331	cluster_2_G19_M3_C2	cluster_2_G19_M3_C2	1	results/final/train/GHTS/ZBED2/YWN_B_AffSeq_G11_ZBED2-FL.C4/optimized_matrices/clust-trimmed-matrices_train-vs-rand/ZBED2_GHTS_YWN_B_AffSeq_G11_ZBED2-FL.C4_clust-trimmed-matrices_train-vs-rand_gen0-20_score_table.tsv	results/final/train/GHTS/ZBED2/YWN_B_AffSeq_G11_ZBED2-FL.C4/optimized_matrices/clust-trimmed-matrices_train-vs-rand/ZBED2_GHTS_YWN_B_AffSeq_G11_ZBED2-FL.C4_clust-trimmed-matrices_train-vs-rand_gen20_scored.tf	results	final	train	GHTS	ZBED2	YWN_B_AffSeq_G11_ZBED2-FL.C4	optimized_matrices	clust-trimmed-matrices_train-vs-rand	ZBED2_GHTS_YWN_B_AffSeq_G11_ZBED2-FL.C4_clust-trimmed-matrices_train-vs-rand_gen0-20_score_table.tsv	33	ZBED2:GHTS:cluster_2_G20_M4_C4	Unique	1	ZBED2:GHTS	1	1	ZBED2:GHTS:20	1	Duplicate	0
20	cluster_5_G20_M5_C10	cluster_5_G20_M5_C10	0.90920	0.9092105248	0.8874423098	0.8865678221	cluster_5_G19_M5_C6	cluster_5_G19_M5_C6	1	results/final/train/HTS/MKX/MKX_R0_C2_lf5ACGACGCTCTTCCGATCTGT_rf3GGCATTAGATCGGAAGAGCA/optimized_matrices/clust-trimmed-matrices_train-vs-rand/MKX_HTS_MKX_R0_C2_lf5ACGACGCTCTTCCGATCTGT_rf3GGCATTAGATCGGAAGAGCA_clust-trimmed-matrices_train-vs-rand_gen0-20_score_table.tsv	results/final/train/HTS/MKX/MKX_R0_C2_lf5ACGACGCTCTTCCGATCTGT_rf3GGCATTAGATCGGAAGAGCA/optimized_matrices/clust-trimmed-matrices_train-vs-rand/MKX_HTS_MKX_R0_C2_lf5ACGACGCTCTTCCGATCTGT_rf3GGCATTAGATCGGAAGAGCA_clust-trimmed-matrices_train-vs-rand_gen20_scored.tf	results	final	train	HTS	MKX	MKX_R0_C2_lf5ACGACGCTCTTCCGATCTGT_rf3GGCATTAGATCGGAAGAGCA	optimized_matrices	clust-trimmed-matrices_train-vs-rand	MKX_HTS_MKX_R0_C2_lf5ACGACGCTCTTCCGATCTGT_rf3GGCATTAGATCGGAAGAGCA_clust-trimmed-matrices_train-vs-rand_gen0-20_score_table.tsv	12229	MKX:HTS:cluster_5_G20_M5_C10	Unique	1	MKX:HTS	1	1	MKX:HTS:20	1	Unique	0
20	cluster_1_node_3_4motifs_G20_M1_C1	cluster_1_node_3_4motifs_G20_M1_C1	0.98369	0.983703682	0.9810432618	0.9808068105	cluster_1_node_3_4motifs_G18_M5_C4	cluster_1_node_3_4motifs_G18_M5_C4	1	results/final/train/HTS/SP140L/SP140L_R0_C3_lf5ACGACGCTCTTCCGATCTGT_rf3GTTCTCAGATCGGAAGAGCA/optimized_matrices/clust-trimmed-matrices_train-vs-rand/SP140L_HTS_SP140L_R0_C3_lf5ACGACGCTCTTCCGATCTGT_rf3GTTCTCAGATCGGAAGAGCA_clust-trimmed-matrices_train-vs-rand_gen0-20_score_table.tsv	results/final/train/HTS/SP140L/SP140L_R0_C3_lf5ACGACGCTCTTCCGATCTGT_rf3GTTCTCAGATCGGAAGAGCA/optimized_matrices/clust-trimmed-matrices_train-vs-rand/SP140L_HTS_SP140L_R0_C3_lf5ACGACGCTCTTCCGATCTGT_rf3GTTCTCAGATCGGAAGAGCA_clust-trimmed-matrices_train-vs-rand_gen20_scored.tf	results	final	train	HTS	SP140L	SP140L_R0_C3_lf5ACGACGCTCTTCCGATCTGT_rf3GTTCTCAGATCGGAAGAGCA	optimized_matrices	clust-trimmed-matrices_train-vs-rand	SP140L_HTS_SP140L_R0_C3_lf5ACGACGCTCTTCCGATCTGT_rf3GTTCTCAGATCGGAAGAGCA_clust-trimmed-matrices_train-vs-rand_gen0-20_score_table.tsv	3780	SP140L:HTS:cluster_1_node_3_4motifs_G20_M1_C1	Unique	1	SP140L:HTS	1	1	SP140L:HTS:20	1	Unique	0
20	cluster_1_node_4_4motifs_G20_M5_C9	cluster_1_node_4_4motifs_G20_M5_C9	0.90418	0.9041433292	0.9068961255	0.9053487562	cluster_1_node_4_4motifs_G19_M5_C10	cluster_1_node_4_4motifs_G19_M5_C10	1	results/final/train/CHS/ZNF367/THC_0046/optimized_matrices/clust-trimmed-matrices_train-vs-rand/ZNF367_CHS_THC_0046_clust-trimmed-matrices_train-vs-rand_gen0-20_score_table.tsv	results/final/train/CHS/ZNF367/THC_0046/optimized_matrices/clust-trimmed-matrices_train-vs-rand/ZNF367_CHS_THC_0046_clust-trimmed-matrices_train-vs-rand_gen20_scored.tf	results	final	train	CHS	ZNF367	THC_0046	optimized_matrices	clust-trimmed-matrices_train-vs-rand	ZNF367_CHS_THC_0046_clust-trimmed-matrices_train-vs-rand_gen0-20_score_table.tsv	12648	ZNF367:CHS:cluster_1_node_4_4motifs_G20_M5_C9	Unique	316	ZNF367:CHS	1	1	ZNF367:CHS:20	1	Duplicate	0
20	cluster_1_G20_M2_C1	cluster_1_G20_M2_C1	0.90404	0.9040477384	0.9143273886	0.9136988749	cluster_1_G19_M4_C2	cluster_1_G19_M4_C2	1	results/final/train/HTS/FIZ1/FIZ1_R0_C4_lf5ACGACGCTCTTCCGATCTTC_rf3GCGATTAGATCGGAAGAGCA/optimized_matrices/clust-trimmed-matrices_train-vs-rand/FIZ1_HTS_FIZ1_R0_C4_lf5ACGACGCTCTTCCGATCTTC_rf3GCGATTAGATCGGAAGAGCA_clust-trimmed-matrices_train-vs-rand_gen0-20_score_table.tsv	results/final/train/HTS/FIZ1/FIZ1_R0_C4_lf5ACGACGCTCTTCCGATCTTC_rf3GCGATTAGATCGGAAGAGCA/optimized_matrices/clust-trimmed-matrices_train-vs-rand/FIZ1_HTS_FIZ1_R0_C4_lf5ACGACGCTCTTCCGATCTTC_rf3GCGATTAGATCGGAAGAGCA_clust-trimmed-matrices_train-vs-rand_gen20_scored.tf	results	final	train	HTS	FIZ1	FIZ1_R0_C4_lf5ACGACGCTCTTCCGATCTTC_rf3GCGATTAGATCGGAAGAGCA	optimized_matrices	clust-trimmed-matrices_train-vs-rand	FIZ1_HTS_FIZ1_R0_C4_lf5ACGACGCTCTTCCGATCTTC_rf3GCGATTAGATCGGAAGAGCA_clust-trimmed-matrices_train-vs-rand_gen0-20_score_table.tsv	12658	FIZ1:HTS:cluster_1_G20_M2_C1	Unique	1	FIZ1:HTS	1	1	FIZ1:HTS:20	1	Unique	0
20	cluster_1_node_2_2motifs_G20_M2_C3	cluster_1_node_2_2motifs_G20_M2_C3	0.90069	0.9006989359	0.9157503384	0.9145176543	cluster_1_node_2_2motifs_G19_M3_C4	cluster_1_node_2_2motifs_G19_M3_C4	1	results/final/train/HTS/ZNF721/ZNF721_R0_C3_lf5ACGACGCTCTTCCGATCTAG_rf3CTTTTCAGATCGGAAGAGCA/optimized_matrices/clust-trimmed-matrices_train-vs-rand/ZNF721_HTS_ZNF721_R0_C3_lf5ACGACGCTCTTCCGATCTAG_rf3CTTTTCAGATCGGAAGAGCA_clust-trimmed-matrices_train-vs-rand_gen0-20_score_table.tsv	results/final/train/HTS/ZNF721/ZNF721_R0_C3_lf5ACGACGCTCTTCCGATCTAG_rf3CTTTTCAGATCGGAAGAGCA/optimized_matrices/clust-trimmed-matrices_train-vs-rand/ZNF721_HTS_ZNF721_R0_C3_lf5ACGACGCTCTTCCGATCTAG_rf3CTTTTCAGATCGGAAGAGCA_clust-trimmed-matrices_train-vs-rand_gen20_scored.tf	results	final	train	HTS	ZNF721	ZNF721_R0_C3_lf5ACGACGCTCTTCCGATCTAG_rf3CTTTTCAGATCGGAAGAGCA	optimized_matrices	clust-trimmed-matrices_train-vs-rand	ZNF721_HTS_ZNF721_R0_C3_lf5ACGACGCTCTTCCGATCTAG_rf3CTTTTCAGATCGGAAGAGCA_clust-trimmed-matrices_train-vs-rand_gen0-20_score_table.tsv	12960	ZNF721:HTS:cluster_1_node_2_2motifs_G20_M2_C3	Unique	1	ZNF721:HTS	1	1	ZNF721:HTS:20	1	Unique	0
0	cluster_1_node_2_3motifs	cluster_1_node_2_3motifs	0.89948	0.8987261054	0.9289616297	0.9287587943	Origin	Origin	1	results/final/train/GHTS/ZNF20/YWR_B_AffSeq_B1_ZNF20-FL.C3/optimized_matrices/clust-trimmed-matrices_train-vs-rand/ZNF20_GHTS_YWR_B_AffSeq_B1_ZNF20-FL.C3_clust-trimmed-matrices_train-vs-rand_gen0-20_score_table.tsv	results/final/train/GHTS/ZNF20/YWR_B_AffSeq_B1_ZNF20-FL.C3/optimized_matrices/clust-trimmed-matrices_train-vs-rand/ZNF20_GHTS_YWR_B_AffSeq_B1_ZNF20-FL.C3_clust-trimmed-matrices_train-vs-rand_gen0_scored.tf	results	final	train	GHTS	ZNF20	YWR_B_AffSeq_B1_ZNF20-FL.C3	optimized_matrices	clust-trimmed-matrices_train-vs-rand	ZNF20_GHTS_YWR_B_AffSeq_B1_ZNF20-FL.C3_clust-trimmed-matrices_train-vs-rand_gen0-20_score_table.tsv	13055	ZNF20:GHTS:cluster_1_node_2_3motifs	Duplicate	349	ZNF20:GHTS	186	1	ZNF20:GHTS:0	1	Duplicate	0
0	cluster_2	cluster_2	0.89647	0.8956549868	0.8911956245	0.8911548581	Origin	Origin	1	results/final/train/GHTS/ZNF648/YWL_B_AffSeq_D10_ZNF648.C3/optimized_matrices/clust-trimmed-matrices_train-vs-rand/ZNF648_GHTS_YWL_B_AffSeq_D10_ZNF648.C3_clust-trimmed-matrices_train-vs-rand_gen0-20_score_table.tsv	results/final/train/GHTS/ZNF648/YWL_B_AffSeq_D10_ZNF648.C3/optimized_matrices/clust-trimmed-matrices_train-vs-rand/ZNF648_GHTS_YWL_B_AffSeq_D10_ZNF648.C3_clust-trimmed-matrices_train-vs-rand_gen0_scored.tf	results	final	train	GHTS	ZNF648	YWL_B_AffSeq_D10_ZNF648.C3	optimized_matrices	clust-trimmed-matrices_train-vs-rand	ZNF648_GHTS_YWL_B_AffSeq_D10_ZNF648.C3_clust-trimmed-matrices_train-vs-rand_gen0-20_score_table.tsv	13235	ZNF648:GHTS:cluster_2	Duplicate	334	ZNF648:GHTS	229	1	ZNF648:GHTS:0	1	Duplicate	0
0	cluster_8	cluster_8	0.89476	0.8917905624	0.910872079	0.9193783081	Origin	Origin	1	results/final/train/CHS/ZNF493/THC_0389.Rep-MICHELLE_0314/optimized_matrices/clust-trimmed-matrices_train-vs-rand/ZNF493_CHS_THC_0389.Rep-MICHELLE_0314_clust-trimmed-matrices_train-vs-rand_gen0-20_score_table.tsv	results/final/train/CHS/ZNF493/THC_0389.Rep-MICHELLE_0314/optimized_matrices/clust-trimmed-matrices_train-vs-rand/ZNF493_CHS_THC_0389.Rep-MICHELLE_0314_clust-trimmed-matrices_train-vs-rand_gen0_scored.tf	results	final	train	CHS	ZNF493	THC_0389.Rep-MICHELLE_0314	optimized_matrices	clust-trimmed-matrices_train-vs-rand	ZNF493_CHS_THC_0389.Rep-MICHELLE_0314_clust-trimmed-matrices_train-vs-rand_gen0-20_score_table.tsv	13337	ZNF493:CHS:cluster_8	Duplicate	430	ZNF493:CHS	193	1	ZNF493:CHS:0	1	Duplicate	0
0	cluster_1_node_1_2motifs	cluster_1_node_1_2motifs	0.89120	0.8903508772	0.9228960667	0.9284641152	Origin	Origin	1	results/final/train/GHTS/ZBED5/YWO_B_AffSeq_A1_ZBED5-FL.C3/optimized_matrices/clust-trimmed-matrices_train-vs-rand/ZBED5_GHTS_YWO_B_AffSeq_A1_ZBED5-FL.C3_clust-trimmed-matrices_train-vs-rand_gen0-20_score_table.tsv	results/final/train/GHTS/ZBED5/YWO_B_AffSeq_A1_ZBED5-FL.C3/optimized_matrices/clust-trimmed-matrices_train-vs-rand/ZBED5_GHTS_YWO_B_AffSeq_A1_ZBED5-FL.C3_clust-trimmed-matrices_train-vs-rand_gen0_scored.tf	results	final	train	GHTS	ZBED5	YWO_B_AffSeq_A1_ZBED5-FL.C3	optimized_matrices	clust-trimmed-matrices_train-vs-rand	ZBED5_GHTS_YWO_B_AffSeq_A1_ZBED5-FL.C3_clust-trimmed-matrices_train-vs-rand_gen0-20_score_table.tsv	13516	ZBED5:GHTS:cluster_1_node_1_2motifs	Unique	314	ZBED5:GHTS	314	1	ZBED5:GHTS:0	1	Duplicate	0
0	cluster_2_node_3_2motifs	cluster_2_node_3_2motifs	0.88997	0.8898385442	0.8917532823	0.8890784249	Origin	Origin	1	results/final/train/CHS/PRDM13/THC_0223/optimized_matrices/clust-trimmed-matrices_train-vs-rand/PRDM13_CHS_THC_0223_clust-trimmed-matrices_train-vs-rand_gen0-20_score_table.tsv	results/final/train/CHS/PRDM13/THC_0223/optimized_matrices/clust-trimmed-matrices_train-vs-rand/PRDM13_CHS_THC_0223_clust-trimmed-matrices_train-vs-rand_gen0_scored.tf	results	final	train	CHS	PRDM13	THC_0223	optimized_matrices	clust-trimmed-matrices_train-vs-rand	PRDM13_CHS_THC_0223_clust-trimmed-matrices_train-vs-rand_gen0-20_score_table.tsv	13566	PRDM13:CHS:cluster_2_node_3_2motifs	Duplicate	1341	PRDM13:CHS	98	1	PRDM13:CHS:0	1	Duplicate	0
20	dyads_m1_G20_M2_C3	dyads_m1_G20_M2_C3	0.88733	0.8871403022	0.5154399092	0.5132160808	dyads_m1_G19_M1_C5	dyads_m1_G19_M1_C5	1	results/final/train/CHS/ZNF518B/THC_0669/optimized_matrices/peakmo-matrices_tf-vs-others/ZNF518B_CHS_THC_0669_peakmo-matrices_tf-vs-others_gen0-20_score_table.tsv	results/final/train/CHS/ZNF518B/THC_0669/optimized_matrices/peakmo-matrices_tf-vs-others/ZNF518B_CHS_THC_0669_peakmo-matrices_tf-vs-others_gen20_scored.tf	results	final	train	CHS	ZNF518B	THC_0669	optimized_matrices	peakmo-matrices_tf-vs-others	ZNF518B_CHS_THC_0669_peakmo-matrices_tf-vs-others_gen0-20_score_table.tsv	13694	ZNF518B:CHS:dyads_m1_G20_M2_C3	Unique	877	ZNF518B:CHS	1	1	ZNF518B:CHS:20	1	Duplicate	0
20	cluster_1_node_7_5motifs_G20_M1_C2	cluster_1_node_7_5motifs_G20_M1_C2	0.88056	0.8802526815	0.9046398672	0.9041228582	cluster_1_node_7_5motifs_G19_M1_C7	cluster_1_node_7_5motifs_G19_M1_C7	1	results/final/train/CHS/ZNF251/THC_0445.Rep-DIANA_0293/optimized_matrices/clust-trimmed-matrices_train-vs-rand/ZNF251_CHS_THC_0445.Rep-DIANA_0293_clust-trimmed-matrices_train-vs-rand_gen0-20_score_table.tsv	results/final/train/CHS/ZNF251/THC_0445.Rep-DIANA_0293/optimized_matrices/clust-trimmed-matrices_train-vs-rand/ZNF251_CHS_THC_0445.Rep-DIANA_0293_clust-trimmed-matrices_train-vs-rand_gen20_scored.tf	results	final	train	CHS	ZNF251	THC_0445.Rep-DIANA_0293	optimized_matrices	clust-trimmed-matrices_train-vs-rand	ZNF251_CHS_THC_0445.Rep-DIANA_0293_clust-trimmed-matrices_train-vs-rand_gen0-20_score_table.tsv	14106	ZNF251:CHS:cluster_1_node_7_5motifs_G20_M1_C2	Unique	211	ZNF251:CHS	1	1	ZNF251:CHS:20	1	Duplicate	0
20	cluster_2_node_2_2motifs_G20_M2_C3	cluster_2_node_2_2motifs_G20_M2_C3	0.88049	0.8804820255	0.8736322895	0.8722902105	cluster_2_node_2_2motifs_G19_M2_C5	cluster_2_node_2_2motifs_G19_M2_C5	1	results/final/train/HTS/GCM1/GCM1_R0_C4_lf5ACGACGCTCTTCCGATCTTC_rf3TAAGTGAGATCGGAAGAGCA/optimized_matrices/clust-trimmed-matrices_train-vs-rand/GCM1_HTS_GCM1_R0_C4_lf5ACGACGCTCTTCCGATCTTC_rf3TAAGTGAGATCGGAAGAGCA_clust-trimmed-matrices_train-vs-rand_gen0-20_score_table.tsv	results/final/train/HTS/GCM1/GCM1_R0_C4_lf5ACGACGCTCTTCCGATCTTC_rf3TAAGTGAGATCGGAAGAGCA/optimized_matrices/clust-trimmed-matrices_train-vs-rand/GCM1_HTS_GCM1_R0_C4_lf5ACGACGCTCTTCCGATCTTC_rf3TAAGTGAGATCGGAAGAGCA_clust-trimmed-matrices_train-vs-rand_gen20_scored.tf	results	final	train	HTS	GCM1	GCM1_R0_C4_lf5ACGACGCTCTTCCGATCTTC_rf3TAAGTGAGATCGGAAGAGCA	optimized_matrices	clust-trimmed-matrices_train-vs-rand	GCM1_HTS_GCM1_R0_C4_lf5ACGACGCTCTTCCGATCTTC_rf3TAAGTGAGATCGGAAGAGCA_clust-trimmed-matrices_train-vs-rand_gen0-20_score_table.tsv	14113	GCM1:HTS:cluster_2_node_2_2motifs_G20_M2_C3	Unique	102	GCM1:HTS	1	1	GCM1:HTS:20	1	Unique	0
20	cluster_5_G20_M1_C9	cluster_5_G20_M1_C9	0.87741	0.8774357349	0.8488168537	0.8480585501	cluster_5_G19_M3_C4	cluster_5_G19_M3_C4	1	results/final/train/HTS/ZNF780B/ZNF780B_R0_C2_lf5ACGACGCTCTTCCGATCTAT_rf3AGCCTCAGATCGGAAGAGCA/optimized_matrices/clust-trimmed-matrices_train-vs-rand/ZNF780B_HTS_ZNF780B_R0_C2_lf5ACGACGCTCTTCCGATCTAT_rf3AGCCTCAGATCGGAAGAGCA_clust-trimmed-matrices_train-vs-rand_gen0-20_score_table.tsv	results/final/train/HTS/ZNF780B/ZNF780B_R0_C2_lf5ACGACGCTCTTCCGATCTAT_rf3AGCCTCAGATCGGAAGAGCA/optimized_matrices/clust-trimmed-matrices_train-vs-rand/ZNF780B_HTS_ZNF780B_R0_C2_lf5ACGACGCTCTTCCGATCTAT_rf3AGCCTCAGATCGGAAGAGCA_clust-trimmed-matrices_train-vs-rand_gen20_scored.tf	results	final	train	HTS	ZNF780B	ZNF780B_R0_C2_lf5ACGACGCTCTTCCGATCTAT_rf3AGCCTCAGATCGGAAGAGCA	optimized_matrices	clust-trimmed-matrices_train-vs-rand	ZNF780B_HTS_ZNF780B_R0_C2_lf5ACGACGCTCTTCCGATCTAT_rf3AGCCTCAGATCGGAAGAGCA_clust-trimmed-matrices_train-vs-rand_gen0-20_score_table.tsv	14334	ZNF780B:HTS:cluster_5_G20_M1_C9	Unique	1	ZNF780B:HTS	1	1	ZNF780B:HTS:20	1	Unique	0
0	cluster_1_node_4_4motifs	cluster_1_node_4_4motifs	0.87292	0.8728877249	0.8772306778	0.8751829163	Origin	Origin	1	results/final/train/CHS/ZNF367/THC_0046/optimized_matrices/clust-trimmed-matrices_train-vs-rand/ZNF367_CHS_THC_0046_clust-trimmed-matrices_train-vs-rand_gen0-20_score_table.tsv	results/final/train/CHS/ZNF367/THC_0046/optimized_matrices/clust-trimmed-matrices_train-vs-rand/ZNF367_CHS_THC_0046_clust-trimmed-matrices_train-vs-rand_gen0_scored.tf	results	final	train	CHS	ZNF367	THC_0046	optimized_matrices	clust-trimmed-matrices_train-vs-rand	ZNF367_CHS_THC_0046_clust-trimmed-matrices_train-vs-rand_gen0-20_score_table.tsv	14652	ZNF367:CHS:cluster_1_node_4_4motifs	Duplicate	413	ZNF367:CHS	98	1	ZNF367:CHS:0	1	Duplicate	0
0	cluster_1_node_3_2motifs	cluster_1_node_3_2motifs	0.87119	0.8711899419	0.8886643425	0.8871323218	Origin	Origin	1	results/final/train/HTS/ZNF500/ZNF500_R0_C3_lf5ACGACGCTCTTCCGATCTAT_rf3TCCCGAAGATCGGAAGAGCA/optimized_matrices/clust-trimmed-matrices_train-vs-rand/ZNF500_HTS_ZNF500_R0_C3_lf5ACGACGCTCTTCCGATCTAT_rf3TCCCGAAGATCGGAAGAGCA_clust-trimmed-matrices_train-vs-rand_gen0-20_score_table.tsv	results/final/train/HTS/ZNF500/ZNF500_R0_C3_lf5ACGACGCTCTTCCGATCTAT_rf3TCCCGAAGATCGGAAGAGCA/optimized_matrices/clust-trimmed-matrices_train-vs-rand/ZNF500_HTS_ZNF500_R0_C3_lf5ACGACGCTCTTCCGATCTAT_rf3TCCCGAAGATCGGAAGAGCA_clust-trimmed-matrices_train-vs-rand_gen0_scored.tf	results	final	train	HTS	ZNF500	ZNF500_R0_C3_lf5ACGACGCTCTTCCGATCTAT_rf3TCCCGAAGATCGGAAGAGCA	optimized_matrices	clust-trimmed-matrices_train-vs-rand	ZNF500_HTS_ZNF500_R0_C3_lf5ACGACGCTCTTCCGATCTAT_rf3TCCCGAAGATCGGAAGAGCA_clust-trimmed-matrices_train-vs-rand_gen0-20_score_table.tsv	14765	ZNF500:HTS:cluster_1_node_3_2motifs	Unique	293	ZNF500:HTS	209	1	ZNF500:HTS:0	1	Unique	1
20	cluster_4_G20_M5_C4	cluster_4_G20_M5_C4	0.87075	0.870748958	0.8485881413	0.8465326874	cluster_4_G19_M5_C1	cluster_4_G19_M5_C1	1	results/final/train/SMS/TPRX1/UT380-233-2/optimized_matrices/clust-trimmed-matrices_train-vs-rand/TPRX1_SMS_UT380-233-2_clust-trimmed-matrices_train-vs-rand_gen0-20_score_table.tsv	results/final/train/SMS/TPRX1/UT380-233-2/optimized_matrices/clust-trimmed-matrices_train-vs-rand/TPRX1_SMS_UT380-233-2_clust-trimmed-matrices_train-vs-rand_gen20_scored.tf	results	final	train	SMS	TPRX1	UT380-233-2	optimized_matrices	clust-trimmed-matrices_train-vs-rand	TPRX1_SMS_UT380-233-2_clust-trimmed-matrices_train-vs-rand_gen0-20_score_table.tsv	14794	TPRX1:SMS:cluster_4_G20_M5_C4	Unique	567	TPRX1:SMS	1	1	TPRX1:SMS:20	1	Duplicate	0
0	cluster_1	cluster_1	0.92934	0.9293409252	0.937499013	0.9360502418	Origin	Origin	1	results/final/train/HTS/SP140L/SP140L_R0_C3_lf5ACGACGCTCTTCCGATCTGT_rf3GTTCTCAGATCGGAAGAGCA/optimized_matrices/clust-trimmed-matrices_train-vs-rand/SP140L_HTS_SP140L_R0_C3_lf5ACGACGCTCTTCCGATCTGT_rf3GTTCTCAGATCGGAAGAGCA_clust-trimmed-matrices_train-vs-rand_gen0-20_score_table.tsv	results/final/train/HTS/SP140L/SP140L_R0_C3_lf5ACGACGCTCTTCCGATCTGT_rf3GTTCTCAGATCGGAAGAGCA/optimized_matrices/clust-trimmed-matrices_train-vs-rand/SP140L_HTS_SP140L_R0_C3_lf5ACGACGCTCTTCCGATCTGT_rf3GTTCTCAGATCGGAAGAGCA_clust-trimmed-matrices_train-vs-rand_gen0_scored.tf	results	final	train	HTS	SP140L	SP140L_R0_C3_lf5ACGACGCTCTTCCGATCTGT_rf3GTTCTCAGATCGGAAGAGCA	optimized_matrices	clust-trimmed-matrices_train-vs-rand	SP140L_HTS_SP140L_R0_C3_lf5ACGACGCTCTTCCGATCTGT_rf3GTTCTCAGATCGGAAGAGCA_clust-trimmed-matrices_train-vs-rand_gen0-20_score_table.tsv	10824	SP140L:HTS:cluster_1	Unique	262	SP140L:HTS	262	1	SP140L:HTS:0	1	Unique	1
20	cluster_1_node_1_2motifs_G20_M3_C1	cluster_1_node_1_2motifs_G20_M3_C1	0.86876	0.8676408625	0.8847363512	0.8832034646	cluster_1_node_1_2motifs_G19_M2_C10	cluster_1_node_1_2motifs_G19_M2_C10	1	results/final/train/CHS/LEUTX/THC_0455.Rep-DIANA_0293/optimized_matrices/clust-trimmed-matrices_train-vs-rand/LEUTX_CHS_THC_0455.Rep-DIANA_0293_clust-trimmed-matrices_train-vs-rand_gen0-20_score_table.tsv	results/final/train/CHS/LEUTX/THC_0455.Rep-DIANA_0293/optimized_matrices/clust-trimmed-matrices_train-vs-rand/LEUTX_CHS_THC_0455.Rep-DIANA_0293_clust-trimmed-matrices_train-vs-rand_gen20_scored.tf	results	final	train	CHS	LEUTX	THC_0455.Rep-DIANA_0293	optimized_matrices	clust-trimmed-matrices_train-vs-rand	LEUTX_CHS_THC_0455.Rep-DIANA_0293_clust-trimmed-matrices_train-vs-rand_gen0-20_score_table.tsv	14914	LEUTX:CHS:cluster_1_node_1_2motifs_G20_M3_C1	Unique	630	LEUTX:CHS	1	1	LEUTX:CHS:20	1	Duplicate	0
19	cluster_5_G19_M4_C3	cluster_5_G19_M4_C3	0.91272	0.9127297155	0.8979933612	0.8964876268	cluster_5_G18_M5_C3	cluster_5_G18_M5_C3	1	results/final/train/SMS/SP140L/UT380-204-2/optimized_matrices/clust-trimmed-matrices_train-vs-rand/SP140L_SMS_UT380-204-2_clust-trimmed-matrices_train-vs-rand_gen0-20_score_table.tsv	results/final/train/SMS/SP140L/UT380-204-2/optimized_matrices/clust-trimmed-matrices_train-vs-rand/SP140L_SMS_UT380-204-2_clust-trimmed-matrices_train-vs-rand_gen19_scored.tf	results	final	train	SMS	SP140L	UT380-204-2	optimized_matrices	clust-trimmed-matrices_train-vs-rand	SP140L_SMS_UT380-204-2_clust-trimmed-matrices_train-vs-rand_gen0-20_score_table.tsv	11986	SP140L:SMS:cluster_5_G19_M4_C3	Duplicate	284	SP140L:SMS	1	1	SP140L:SMS:19	1	Duplicate	0
0	positions_7nt_m2	positions_7nt_m2	0.86060	0.8605592193	0.5874930981	0.5835122217	Origin	Origin	1	results/final/train/CHS/MYF6/THC_0721/optimized_matrices/peakmo-matrices_tf-vs-others/MYF6_CHS_THC_0721_peakmo-matrices_tf-vs-others_gen0-20_score_table.tsv	results/final/train/CHS/MYF6/THC_0721/optimized_matrices/peakmo-matrices_tf-vs-others/MYF6_CHS_THC_0721_peakmo-matrices_tf-vs-others_gen0_scored.tf	results	final	train	CHS	MYF6	THC_0721	optimized_matrices	peakmo-matrices_tf-vs-others	MYF6_CHS_THC_0721_peakmo-matrices_tf-vs-others_gen0-20_score_table.tsv	15451	MYF6:CHS:positions_7nt_m2	Duplicate	310	MYF6:CHS	100	1	MYF6:CHS:0	1	Duplicate	0
0	cluster_5	cluster_5	0.85997	0.8588478814	0.8794975397	0.8786021509	Origin	Origin	1	results/final/train/GHTS/CAMTA1/YWK_D_AffSeq_G3_CAMTA1.C4/optimized_matrices/clust-trimmed-matrices_train-vs-rand/CAMTA1_GHTS_YWK_D_AffSeq_G3_CAMTA1.C4_clust-trimmed-matrices_train-vs-rand_gen0-20_score_table.tsv	results/final/train/GHTS/CAMTA1/YWK_D_AffSeq_G3_CAMTA1.C4/optimized_matrices/clust-trimmed-matrices_train-vs-rand/CAMTA1_GHTS_YWK_D_AffSeq_G3_CAMTA1.C4_clust-trimmed-matrices_train-vs-rand_gen0_scored.tf	results	final	train	GHTS	CAMTA1	YWK_D_AffSeq_G3_CAMTA1.C4	optimized_matrices	clust-trimmed-matrices_train-vs-rand	CAMTA1_GHTS_YWK_D_AffSeq_G3_CAMTA1.C4_clust-trimmed-matrices_train-vs-rand_gen0-20_score_table.tsv	15489	CAMTA1:GHTS:cluster_5	Duplicate	370	CAMTA1:GHTS	265	1	CAMTA1:GHTS:0	1	Duplicate	0
19	dyads_test_vs_ctrl_m3_G19_M1_C3	dyads_test_vs_ctrl_m3_G19_M1_C3	0.85723	0.8558207143	0.4567947067	0.4524717948	dyads_test_vs_ctrl_m3_G17_M5_C5	dyads_test_vs_ctrl_m3_G17_M5_C5	1	results/final/train/PBM/TPRX1/QNZS_PBM13659/optimized_matrices/peakmo-diff-matrices_top0500-vs-bg35000_tf-vs-others/TPRX1_PBM_QNZS_PBM13659_peakmo-diff-matrices_top0500-vs-bg35000_tf-vs-others_gen0-20_score_table.tsv	results/final/train/PBM/TPRX1/QNZS_PBM13659/optimized_matrices/peakmo-diff-matrices_top0500-vs-bg35000_tf-vs-others/TPRX1_PBM_QNZS_PBM13659_peakmo-diff-matrices_top0500-vs-bg35000_tf-vs-others_gen19_scored.tf	results	final	train	PBM	TPRX1	QNZS_PBM13659	optimized_matrices	peakmo-diff-matrices_top0500-vs-bg35000_tf-vs-others	TPRX1_PBM_QNZS_PBM13659_peakmo-diff-matrices_top0500-vs-bg35000_tf-vs-others_gen0-20_score_table.tsv	15655	TPRX1:PBM:dyads_test_vs_ctrl_m3_G19_M1_C3	Unique	679	TPRX1:PBM	1	1	TPRX1:PBM:19	1	Duplicate	0
0	cluster_3	cluster_3	0.85170	0.8517297149	0.8742637581	0.8727961967	Origin	Origin	1	results/final/train/HTS/CREB3L3/CREB3L3_R1_C4_lf5ACGACGCTCTTCCGATCTGG_rf3GGTTTAAGATCGGAAGAGCA/optimized_matrices/clust-trimmed-matrices_train-vs-rand/CREB3L3_HTS_CREB3L3_R1_C4_lf5ACGACGCTCTTCCGATCTGG_rf3GGTTTAAGATCGGAAGAGCA_clust-trimmed-matrices_train-vs-rand_gen0-20_score_table.tsv	results/final/train/HTS/CREB3L3/CREB3L3_R1_C4_lf5ACGACGCTCTTCCGATCTGG_rf3GGTTTAAGATCGGAAGAGCA/optimized_matrices/clust-trimmed-matrices_train-vs-rand/CREB3L3_HTS_CREB3L3_R1_C4_lf5ACGACGCTCTTCCGATCTGG_rf3GGTTTAAGATCGGAAGAGCA_clust-trimmed-matrices_train-vs-rand_gen0_scored.tf	results	final	train	HTS	CREB3L3	CREB3L3_R1_C4_lf5ACGACGCTCTTCCGATCTGG_rf3GGTTTAAGATCGGAAGAGCA	optimized_matrices	clust-trimmed-matrices_train-vs-rand	CREB3L3_HTS_CREB3L3_R1_C4_lf5ACGACGCTCTTCCGATCTGG_rf3GGTTTAAGATCGGAAGAGCA_clust-trimmed-matrices_train-vs-rand_gen0-20_score_table.tsv	16109	CREB3L3:HTS:cluster_3	Unique	392	CREB3L3:HTS	392	1	CREB3L3:HTS:0	1	Unique	1
20	cluster_1_G20_M1_C8	cluster_1_G20_M1_C8	0.84670	0.8466411448	0.8176840043	0.8161896092	cluster_1_G19_M1_C1	cluster_1_G19_M1_C1	1	results/final/train/SMS/ZNF780B/UT380-462/optimized_matrices/clust-trimmed-matrices_train-vs-rand/ZNF780B_SMS_UT380-462_clust-trimmed-matrices_train-vs-rand_gen0-20_score_table.tsv	results/final/train/SMS/ZNF780B/UT380-462/optimized_matrices/clust-trimmed-matrices_train-vs-rand/ZNF780B_SMS_UT380-462_clust-trimmed-matrices_train-vs-rand_gen20_scored.tf	results	final	train	SMS	ZNF780B	UT380-462	optimized_matrices	clust-trimmed-matrices_train-vs-rand	ZNF780B_SMS_UT380-462_clust-trimmed-matrices_train-vs-rand_gen0-20_score_table.tsv	16414	ZNF780B:SMS:cluster_1_G20_M1_C8	Unique	104	ZNF780B:SMS	1	1	ZNF780B:SMS:20	1	Duplicate	0
0	cluster_2	cluster_2	0.83948	0.8393932643	0.8155642393	0.8100393111	Origin	Origin	1	results/final/train/SMS/ZNF500/UT380-357/optimized_matrices/clust-trimmed-matrices_train-vs-rand/ZNF500_SMS_UT380-357_clust-trimmed-matrices_train-vs-rand_gen0-20_score_table.tsv	results/final/train/SMS/ZNF500/UT380-357/optimized_matrices/clust-trimmed-matrices_train-vs-rand/ZNF500_SMS_UT380-357_clust-trimmed-matrices_train-vs-rand_gen0_scored.tf	results	final	train	SMS	ZNF500	UT380-357	optimized_matrices	clust-trimmed-matrices_train-vs-rand	ZNF500_SMS_UT380-357_clust-trimmed-matrices_train-vs-rand_gen0-20_score_table.tsv	16845	ZNF500:SMS:cluster_2	Unique	347	ZNF500:SMS	101	1	ZNF500:SMS:0	1	Duplicate	0
0	cluster_1_node_2_2motifs	cluster_1_node_2_2motifs	0.82318	0.823190423	0.8607219585	0.8590996338	Origin	Origin	1	results/final/train/HTS/ZNF721/ZNF721_R0_C3_lf5ACGACGCTCTTCCGATCTAG_rf3CTTTTCAGATCGGAAGAGCA/optimized_matrices/clust-trimmed-matrices_train-vs-rand/ZNF721_HTS_ZNF721_R0_C3_lf5ACGACGCTCTTCCGATCTAG_rf3CTTTTCAGATCGGAAGAGCA_clust-trimmed-matrices_train-vs-rand_gen0-20_score_table.tsv	results/final/train/HTS/ZNF721/ZNF721_R0_C3_lf5ACGACGCTCTTCCGATCTAG_rf3CTTTTCAGATCGGAAGAGCA/optimized_matrices/clust-trimmed-matrices_train-vs-rand/ZNF721_HTS_ZNF721_R0_C3_lf5ACGACGCTCTTCCGATCTAG_rf3CTTTTCAGATCGGAAGAGCA_clust-trimmed-matrices_train-vs-rand_gen0_scored.tf	results	final	train	HTS	ZNF721	ZNF721_R0_C3_lf5ACGACGCTCTTCCGATCTAG_rf3CTTTTCAGATCGGAAGAGCA	optimized_matrices	clust-trimmed-matrices_train-vs-rand	ZNF721_HTS_ZNF721_R0_C3_lf5ACGACGCTCTTCCGATCTAG_rf3CTTTTCAGATCGGAAGAGCA_clust-trimmed-matrices_train-vs-rand_gen0-20_score_table.tsv	17656	ZNF721:HTS:cluster_1_node_2_2motifs	Unique	135	ZNF721:HTS	135	1	ZNF721:HTS:0	1	Unique	1
0	cluster_2_node_2_2motifs	cluster_2_node_2_2motifs	0.81915	0.8191446137	0.8291059205	0.8275233424	Origin	Origin	1	results/final/train/HTS/GCM1/GCM1_R0_C4_lf5ACGACGCTCTTCCGATCTTC_rf3TAAGTGAGATCGGAAGAGCA/optimized_matrices/clust-trimmed-matrices_train-vs-rand/GCM1_HTS_GCM1_R0_C4_lf5ACGACGCTCTTCCGATCTTC_rf3TAAGTGAGATCGGAAGAGCA_clust-trimmed-matrices_train-vs-rand_gen0-20_score_table.tsv	results/final/train/HTS/GCM1/GCM1_R0_C4_lf5ACGACGCTCTTCCGATCTTC_rf3TAAGTGAGATCGGAAGAGCA/optimized_matrices/clust-trimmed-matrices_train-vs-rand/GCM1_HTS_GCM1_R0_C4_lf5ACGACGCTCTTCCGATCTTC_rf3TAAGTGAGATCGGAAGAGCA_clust-trimmed-matrices_train-vs-rand_gen0_scored.tf	results	final	train	HTS	GCM1	GCM1_R0_C4_lf5ACGACGCTCTTCCGATCTTC_rf3TAAGTGAGATCGGAAGAGCA	optimized_matrices	clust-trimmed-matrices_train-vs-rand	GCM1_HTS_GCM1_R0_C4_lf5ACGACGCTCTTCCGATCTTC_rf3TAAGTGAGATCGGAAGAGCA_clust-trimmed-matrices_train-vs-rand_gen0-20_score_table.tsv	17850	GCM1:HTS:cluster_2_node_2_2motifs	Unique	302	GCM1:HTS	201	1	GCM1:HTS:0	1	Unique	1
0	cluster_1_node_1_2motifs	cluster_1_node_1_2motifs	0.81661	0.8154267184	0.8293701492	0.8265394747	Origin	Origin	1	results/final/train/CHS/LEUTX/THC_0455.Rep-DIANA_0293/optimized_matrices/clust-trimmed-matrices_train-vs-rand/LEUTX_CHS_THC_0455.Rep-DIANA_0293_clust-trimmed-matrices_train-vs-rand_gen0-20_score_table.tsv	results/final/train/CHS/LEUTX/THC_0455.Rep-DIANA_0293/optimized_matrices/clust-trimmed-matrices_train-vs-rand/LEUTX_CHS_THC_0455.Rep-DIANA_0293_clust-trimmed-matrices_train-vs-rand_gen0_scored.tf	results	final	train	CHS	LEUTX	THC_0455.Rep-DIANA_0293	optimized_matrices	clust-trimmed-matrices_train-vs-rand	LEUTX_CHS_THC_0455.Rep-DIANA_0293_clust-trimmed-matrices_train-vs-rand_gen0-20_score_table.tsv	17988	LEUTX:CHS:cluster_1_node_1_2motifs	Duplicate	781	LEUTX:CHS	151	1	LEUTX:CHS:0	1	Duplicate	0
20	cluster_1_node_3_4motifs_G20_M3_C9	cluster_1_node_3_4motifs_G20_M3_C9	0.80812	0.8081153654	0.7765675669	0.7755428547	cluster_1_node_3_4motifs_G19_M5_C4	cluster_1_node_3_4motifs_G19_M5_C4	1	results/final/train/SMS/MKX/UT380-113/optimized_matrices/clust-trimmed-matrices_train-vs-rand/MKX_SMS_UT380-113_clust-trimmed-matrices_train-vs-rand_gen0-20_score_table.tsv	results/final/train/SMS/MKX/UT380-113/optimized_matrices/clust-trimmed-matrices_train-vs-rand/MKX_SMS_UT380-113_clust-trimmed-matrices_train-vs-rand_gen20_scored.tf	results	final	train	SMS	MKX	UT380-113	optimized_matrices	clust-trimmed-matrices_train-vs-rand	MKX_SMS_UT380-113_clust-trimmed-matrices_train-vs-rand_gen0-20_score_table.tsv	18412	MKX:SMS:cluster_1_node_3_4motifs_G20_M3_C9	Unique	200	MKX:SMS	1	1	MKX:SMS:20	1	Duplicate	0
20	cluster_3_G20_M5_C9	cluster_3_G20_M5_C9	0.80518	0.8051698751	0.7857184665	0.7846817222	cluster_3_G19_M5_C5	cluster_3_G19_M5_C5	1	results/final/train/SMS/ZNF831/UT380-477/optimized_matrices/clust-trimmed-matrices_train-vs-rand/ZNF831_SMS_UT380-477_clust-trimmed-matrices_train-vs-rand_gen0-20_score_table.tsv	results/final/train/SMS/ZNF831/UT380-477/optimized_matrices/clust-trimmed-matrices_train-vs-rand/ZNF831_SMS_UT380-477_clust-trimmed-matrices_train-vs-rand_gen20_scored.tf	results	final	train	SMS	ZNF831	UT380-477	optimized_matrices	clust-trimmed-matrices_train-vs-rand	ZNF831_SMS_UT380-477_clust-trimmed-matrices_train-vs-rand_gen0-20_score_table.tsv	18592	ZNF831:SMS:cluster_3_G20_M5_C9	Unique	346	ZNF831:SMS	1	1	ZNF831:SMS:20	1	Duplicate	0
0	cluster_2_node_1_2motifs	cluster_2_node_1_2motifs	0.80480	0.8048170123	0.8695061931	0.868984337	Origin	Origin	1	results/final/train/HTS/ZNF286B/ZNF286B_R0_C3_lf5ACGACGCTCTTCCGATCTTG_rf3TGATCTAGATCGGAAGAGCA/optimized_matrices/clust-trimmed-matrices_train-vs-rand/ZNF286B_HTS_ZNF286B_R0_C3_lf5ACGACGCTCTTCCGATCTTG_rf3TGATCTAGATCGGAAGAGCA_clust-trimmed-matrices_train-vs-rand_gen0-20_score_table.tsv	results/final/train/HTS/ZNF286B/ZNF286B_R0_C3_lf5ACGACGCTCTTCCGATCTTG_rf3TGATCTAGATCGGAAGAGCA/optimized_matrices/clust-trimmed-matrices_train-vs-rand/ZNF286B_HTS_ZNF286B_R0_C3_lf5ACGACGCTCTTCCGATCTTG_rf3TGATCTAGATCGGAAGAGCA_clust-trimmed-matrices_train-vs-rand_gen0_scored.tf	results	final	train	HTS	ZNF286B	ZNF286B_R0_C3_lf5ACGACGCTCTTCCGATCTTG_rf3TGATCTAGATCGGAAGAGCA	optimized_matrices	clust-trimmed-matrices_train-vs-rand	ZNF286B_HTS_ZNF286B_R0_C3_lf5ACGACGCTCTTCCGATCTTG_rf3TGATCTAGATCGGAAGAGCA_clust-trimmed-matrices_train-vs-rand_gen0-20_score_table.tsv	18616	ZNF286B:HTS:cluster_2_node_1_2motifs	Unique	245	ZNF286B:HTS	245	1	ZNF286B:HTS:0	1	Unique	1
0	dyads_m1	dyads_m1	0.79399	0.7937836771	0.3507187798	0.348520262	Origin	Origin	1	results/final/train/CHS/ZNF518B/THC_0669/optimized_matrices/peakmo-matrices_tf-vs-others/ZNF518B_CHS_THC_0669_peakmo-matrices_tf-vs-others_gen0-20_score_table.tsv	results/final/train/CHS/ZNF518B/THC_0669/optimized_matrices/peakmo-matrices_tf-vs-others/ZNF518B_CHS_THC_0669_peakmo-matrices_tf-vs-others_gen0_scored.tf	results	final	train	CHS	ZNF518B	THC_0669	optimized_matrices	peakmo-matrices_tf-vs-others	ZNF518B_CHS_THC_0669_peakmo-matrices_tf-vs-others_gen0-20_score_table.tsv	19289	ZNF518B:CHS:dyads_m1	Unique	1116	ZNF518B:CHS	182	1	ZNF518B:CHS:0	1	Duplicate	0
0	positions_6nt_m3	positions_6nt_m3	0.78620	0.7861264244	0.6418218792	0.6406172579	Origin	Origin	1	results/final/train/CHS/ZNF251/THC_0445.Rep-MICHELLE_0314/optimized_matrices/peakmo-matrices_tf-vs-others/ZNF251_CHS_THC_0445.Rep-MICHELLE_0314_peakmo-matrices_tf-vs-others_gen0-20_score_table.tsv	results/final/train/CHS/ZNF251/THC_0445.Rep-MICHELLE_0314/optimized_matrices/peakmo-matrices_tf-vs-others/ZNF251_CHS_THC_0445.Rep-MICHELLE_0314_peakmo-matrices_tf-vs-others_gen0_scored.tf	results	final	train	CHS	ZNF251	THC_0445.Rep-MICHELLE_0314	optimized_matrices	peakmo-matrices_tf-vs-others	ZNF251_CHS_THC_0445.Rep-MICHELLE_0314_peakmo-matrices_tf-vs-others_gen0-20_score_table.tsv	19699	ZNF251:CHS:positions_6nt_m3	Duplicate	641	ZNF251:CHS	431	1	ZNF251:CHS:0	1	Duplicate	0
0	cluster_1	cluster_1	0.78345	0.7834489793	0.8291698143	0.8281716104	Origin	Origin	1	results/final/train/HTS/ZNF780B/ZNF780B_R0_C3_lf5ACGACGCTCTTCCGATCTAT_rf3AGCCTCAGATCGGAAGAGCA/optimized_matrices/clust-trimmed-matrices_train-vs-rand/ZNF780B_HTS_ZNF780B_R0_C3_lf5ACGACGCTCTTCCGATCTAT_rf3AGCCTCAGATCGGAAGAGCA_clust-trimmed-matrices_train-vs-rand_gen0-20_score_table.tsv	results/final/train/HTS/ZNF780B/ZNF780B_R0_C3_lf5ACGACGCTCTTCCGATCTAT_rf3AGCCTCAGATCGGAAGAGCA/optimized_matrices/clust-trimmed-matrices_train-vs-rand/ZNF780B_HTS_ZNF780B_R0_C3_lf5ACGACGCTCTTCCGATCTAT_rf3AGCCTCAGATCGGAAGAGCA_clust-trimmed-matrices_train-vs-rand_gen0_scored.tf	results	final	train	HTS	ZNF780B	ZNF780B_R0_C3_lf5ACGACGCTCTTCCGATCTAT_rf3AGCCTCAGATCGGAAGAGCA	optimized_matrices	clust-trimmed-matrices_train-vs-rand	ZNF780B_HTS_ZNF780B_R0_C3_lf5ACGACGCTCTTCCGATCTAT_rf3AGCCTCAGATCGGAAGAGCA_clust-trimmed-matrices_train-vs-rand_gen0-20_score_table.tsv	19846	ZNF780B:HTS:cluster_1	Unique	239	ZNF780B:HTS	203	1	ZNF780B:HTS:0	1	Duplicate	0
0	cluster_5	cluster_5	0.77952	0.7795290489	0.7496824977	0.7466644759	Origin	Origin	1	results/final/train/HTS/MKX/MKX_R0_C2_lf5ACGACGCTCTTCCGATCTGT_rf3GGCATTAGATCGGAAGAGCA/optimized_matrices/clust-trimmed-matrices_train-vs-rand/MKX_HTS_MKX_R0_C2_lf5ACGACGCTCTTCCGATCTGT_rf3GGCATTAGATCGGAAGAGCA_clust-trimmed-matrices_train-vs-rand_gen0-20_score_table.tsv	results/final/train/HTS/MKX/MKX_R0_C2_lf5ACGACGCTCTTCCGATCTGT_rf3GGCATTAGATCGGAAGAGCA/optimized_matrices/clust-trimmed-matrices_train-vs-rand/MKX_HTS_MKX_R0_C2_lf5ACGACGCTCTTCCGATCTGT_rf3GGCATTAGATCGGAAGAGCA_clust-trimmed-matrices_train-vs-rand_gen0_scored.tf	results	final	train	HTS	MKX	MKX_R0_C2_lf5ACGACGCTCTTCCGATCTGT_rf3GGCATTAGATCGGAAGAGCA	optimized_matrices	clust-trimmed-matrices_train-vs-rand	MKX_HTS_MKX_R0_C2_lf5ACGACGCTCTTCCGATCTGT_rf3GGCATTAGATCGGAAGAGCA_clust-trimmed-matrices_train-vs-rand_gen0-20_score_table.tsv	20047	MKX:HTS:cluster_5	Duplicate	337	MKX:HTS	278	1	MKX:HTS:0	1	Duplicate	0
20	dyads_test_vs_ctrl_m1_G20_M4_C5	dyads_test_vs_ctrl_m1_G20_M4_C5	0.74796	0.7467593714	0.06827150504	0.07031000131	dyads_test_vs_ctrl_m1_G19_M5_C7	dyads_test_vs_ctrl_m1_G19_M5_C7	1	results/final/train/PBM/SP140L/SD_PBM13763/optimized_matrices/peakmo-diff-matrices_top0500-vs-bg35000_tf-vs-others/SP140L_PBM_SD_PBM13763_peakmo-diff-matrices_top0500-vs-bg35000_tf-vs-others_gen0-20_score_table.tsv	results/final/train/PBM/SP140L/SD_PBM13763/optimized_matrices/peakmo-diff-matrices_top0500-vs-bg35000_tf-vs-others/SP140L_PBM_SD_PBM13763_peakmo-diff-matrices_top0500-vs-bg35000_tf-vs-others_gen20_scored.tf	results	final	train	PBM	SP140L	SD_PBM13763	optimized_matrices	peakmo-diff-matrices_top0500-vs-bg35000_tf-vs-others	SP140L_PBM_SD_PBM13763_peakmo-diff-matrices_top0500-vs-bg35000_tf-vs-others_gen0-20_score_table.tsv	21325	SP140L:PBM:dyads_test_vs_ctrl_m1_G20_M4_C5	Unique	827	SP140L:PBM	1	1	SP140L:PBM:20	1	Duplicate	0
0	cluster_1	cluster_1	0.75002	0.7500177734	0.798084802	0.7967753446	Origin	Origin	1	results/final/train/HTS/FIZ1/FIZ1_R0_C4_lf5ACGACGCTCTTCCGATCTTC_rf3GCGATTAGATCGGAAGAGCA/optimized_matrices/clust-trimmed-matrices_train-vs-rand/FIZ1_HTS_FIZ1_R0_C4_lf5ACGACGCTCTTCCGATCTTC_rf3GCGATTAGATCGGAAGAGCA_clust-trimmed-matrices_train-vs-rand_gen0-20_score_table.tsv	results/final/train/HTS/FIZ1/FIZ1_R0_C4_lf5ACGACGCTCTTCCGATCTTC_rf3GCGATTAGATCGGAAGAGCA/optimized_matrices/clust-trimmed-matrices_train-vs-rand/FIZ1_HTS_FIZ1_R0_C4_lf5ACGACGCTCTTCCGATCTTC_rf3GCGATTAGATCGGAAGAGCA_clust-trimmed-matrices_train-vs-rand_gen0_scored.tf	results	final	train	HTS	FIZ1	FIZ1_R0_C4_lf5ACGACGCTCTTCCGATCTTC_rf3GCGATTAGATCGGAAGAGCA	optimized_matrices	clust-trimmed-matrices_train-vs-rand	FIZ1_HTS_FIZ1_R0_C4_lf5ACGACGCTCTTCCGATCTTC_rf3GCGATTAGATCGGAAGAGCA_clust-trimmed-matrices_train-vs-rand_gen0-20_score_table.tsv	21168	FIZ1:HTS:cluster_1	Unique	250	FIZ1:HTS	250	1	FIZ1:HTS:0	1	Unique	1
0	cluster_1_node_2_2motifs	cluster_1_node_2_2motifs	0.74675	0.7467550295	0.7056501477	0.7048975264	Origin	Origin	1	results/final/train/SMS/MKX/UT380-113/optimized_matrices/clust-trimmed-matrices_train-vs-rand/MKX_SMS_UT380-113_clust-trimmed-matrices_train-vs-rand_gen0-20_score_table.tsv	results/final/train/SMS/MKX/UT380-113/optimized_matrices/clust-trimmed-matrices_train-vs-rand/MKX_SMS_UT380-113_clust-trimmed-matrices_train-vs-rand_gen0_scored.tf	results	final	train	SMS	MKX	UT380-113	optimized_matrices	clust-trimmed-matrices_train-vs-rand	MKX_SMS_UT380-113_clust-trimmed-matrices_train-vs-rand_gen0-20_score_table.tsv	21369	MKX:SMS:cluster_1_node_2_2motifs	Unique	454	MKX:SMS	101	1	MKX:SMS:0	1	Duplicate	0
20	cluster_1_G20_M3_C4	cluster_1_G20_M3_C4	0.93596	0.9359593284	0.9442655915	0.9438267053	cluster_1_G19_M4_C10	cluster_1_G19_M4_C10	1	results/final/train/HTS/ZFTA/ZFTA_R0_C4_lf5ACGACGCTCTTCCGATCTAA_rf3GTGGTCAGATCGGAAGAGCA/optimized_matrices/clust-trimmed-matrices_train-vs-rand/ZFTA_HTS_ZFTA_R0_C4_lf5ACGACGCTCTTCCGATCTAA_rf3GTGGTCAGATCGGAAGAGCA_clust-trimmed-matrices_train-vs-rand_gen0-20_score_table.tsv	results/final/train/HTS/ZFTA/ZFTA_R0_C4_lf5ACGACGCTCTTCCGATCTAA_rf3GTGGTCAGATCGGAAGAGCA/optimized_matrices/clust-trimmed-matrices_train-vs-rand/ZFTA_HTS_ZFTA_R0_C4_lf5ACGACGCTCTTCCGATCTAA_rf3GTGGTCAGATCGGAAGAGCA_clust-trimmed-matrices_train-vs-rand_gen20_scored.tf	results	final	train	HTS	ZFTA	ZFTA_R0_C4_lf5ACGACGCTCTTCCGATCTAA_rf3GTGGTCAGATCGGAAGAGCA	optimized_matrices	clust-trimmed-matrices_train-vs-rand	ZFTA_HTS_ZFTA_R0_C4_lf5ACGACGCTCTTCCGATCTAA_rf3GTGGTCAGATCGGAAGAGCA_clust-trimmed-matrices_train-vs-rand_gen0-20_score_table.tsv	10150	ZFTA:HTS:cluster_1_G20_M3_C4	Unique	1	ZFTA:HTS	1	1	ZFTA:HTS:20	1	Duplicate	0
0	cluster_1	cluster_1	0.90875	0.9087495127	0.9224692403	0.9219398668	Origin	Origin	1	results/final/train/HTS/ZFTA/ZFTA_R0_C4_lf5ACGACGCTCTTCCGATCTAA_rf3GTGGTCAGATCGGAAGAGCA/optimized_matrices/clust-trimmed-matrices_train-vs-rand/ZFTA_HTS_ZFTA_R0_C4_lf5ACGACGCTCTTCCGATCTAA_rf3GTGGTCAGATCGGAAGAGCA_clust-trimmed-matrices_train-vs-rand_gen0-20_score_table.tsv	results/final/train/HTS/ZFTA/ZFTA_R0_C4_lf5ACGACGCTCTTCCGATCTAA_rf3GTGGTCAGATCGGAAGAGCA/optimized_matrices/clust-trimmed-matrices_train-vs-rand/ZFTA_HTS_ZFTA_R0_C4_lf5ACGACGCTCTTCCGATCTAA_rf3GTGGTCAGATCGGAAGAGCA_clust-trimmed-matrices_train-vs-rand_gen0_scored.tf	results	final	train	HTS	ZFTA	ZFTA_R0_C4_lf5ACGACGCTCTTCCGATCTAA_rf3GTGGTCAGATCGGAAGAGCA	optimized_matrices	clust-trimmed-matrices_train-vs-rand	ZFTA_HTS_ZFTA_R0_C4_lf5ACGACGCTCTTCCGATCTAA_rf3GTGGTCAGATCGGAAGAGCA_clust-trimmed-matrices_train-vs-rand_gen0-20_score_table.tsv	12273	ZFTA:HTS:cluster_1	Duplicate	99	ZFTA:HTS	99	1	ZFTA:HTS:0	1	Duplicate	0
0	cluster_3	cluster_3	0.71275	0.7127697595	0.6981490439	0.6969965423	Origin	Origin	1	results/final/train/SMS/ZNF831/UT380-477/optimized_matrices/clust-trimmed-matrices_train-vs-rand/ZNF831_SMS_UT380-477_clust-trimmed-matrices_train-vs-rand_gen0-20_score_table.tsv	results/final/train/SMS/ZNF831/UT380-477/optimized_matrices/clust-trimmed-matrices_train-vs-rand/ZNF831_SMS_UT380-477_clust-trimmed-matrices_train-vs-rand_gen0_scored.tf	results	final	train	SMS	ZNF831	UT380-477	optimized_matrices	clust-trimmed-matrices_train-vs-rand	ZNF831_SMS_UT380-477_clust-trimmed-matrices_train-vs-rand_gen0-20_score_table.tsv	22153	ZNF831:SMS:cluster_3	Duplicate	519	ZNF831:SMS	99	1	ZNF831:SMS:0	1	Duplicate	0
20	cluster_1_node_9_2motifs_G20_M2_C8	cluster_1_node_9_2motifs_G20_M2_C8	0.84850	0.8485037785	0.8131723491	0.81248378	cluster_1_node_9_2motifs_G19_M2_C4	cluster_1_node_9_2motifs_G19_M2_C4	1	results/final/train/SMS/ZFTA/UT380-025/optimized_matrices/clust-trimmed-matrices_train-vs-rand/ZFTA_SMS_UT380-025_clust-trimmed-matrices_train-vs-rand_gen0-20_score_table.tsv	results/final/train/SMS/ZFTA/UT380-025/optimized_matrices/clust-trimmed-matrices_train-vs-rand/ZFTA_SMS_UT380-025_clust-trimmed-matrices_train-vs-rand_gen20_scored.tf	results	final	train	SMS	ZFTA	UT380-025	optimized_matrices	clust-trimmed-matrices_train-vs-rand	ZFTA_SMS_UT380-025_clust-trimmed-matrices_train-vs-rand_gen0-20_score_table.tsv	16313	ZFTA:SMS:cluster_1_node_9_2motifs_G20_M2_C8	Unique	271	ZFTA:SMS	1	1	ZFTA:SMS:20	1	Duplicate	0
20	dyads_test_vs_ctrl_m3_G20_M3_C3	dyads_test_vs_ctrl_m3_G20_M3_C3	0.72547	0.7240586286	0.1534387523	0.1534414659	dyads_test_vs_ctrl_m3_G19_M4_C10	dyads_test_vs_ctrl_m3_G19_M4_C10	1	results/final/train/PBM/ZFTA/QNZS_PBM13825/optimized_matrices/peakmo-diff-matrices_top0500-vs-bg35000_tf-vs-others/ZFTA_PBM_QNZS_PBM13825_peakmo-diff-matrices_top0500-vs-bg35000_tf-vs-others_gen0-20_score_table.tsv	results/final/train/PBM/ZFTA/QNZS_PBM13825/optimized_matrices/peakmo-diff-matrices_top0500-vs-bg35000_tf-vs-others/ZFTA_PBM_QNZS_PBM13825_peakmo-diff-matrices_top0500-vs-bg35000_tf-vs-others_gen20_scored.tf	results	final	train	PBM	ZFTA	QNZS_PBM13825	optimized_matrices	peakmo-diff-matrices_top0500-vs-bg35000_tf-vs-others	ZFTA_PBM_QNZS_PBM13825_peakmo-diff-matrices_top0500-vs-bg35000_tf-vs-others_gen0-20_score_table.tsv	21862	ZFTA:PBM:dyads_test_vs_ctrl_m3_G20_M3_C3	Unique	517	ZFTA:PBM	1	1	ZFTA:PBM:20	1	Duplicate	0
0	cluster_2_node_9_2motifs	cluster_2_node_9_2motifs	0.59401	0.5939497479	0.5902816784	0.5887205647	Origin	Origin	1	results/final/train/SMS/ZNF780B/UT380-462/optimized_matrices/clust-trimmed-matrices_train-vs-rand/ZNF780B_SMS_UT380-462_clust-trimmed-matrices_train-vs-rand_gen0-20_score_table.tsv	results/final/train/SMS/ZNF780B/UT380-462/optimized_matrices/clust-trimmed-matrices_train-vs-rand/ZNF780B_SMS_UT380-462_clust-trimmed-matrices_train-vs-rand_gen0_scored.tf	results	final	train	SMS	ZNF780B	UT380-462	optimized_matrices	clust-trimmed-matrices_train-vs-rand	ZNF780B_SMS_UT380-462_clust-trimmed-matrices_train-vs-rand_gen0-20_score_table.tsv	23046	ZNF780B:SMS:cluster_2_node_9_2motifs	Unique	416	ZNF780B:SMS	101	1	ZNF780B:SMS:0	1	Duplicate	0