generation	AC	ID	AuROC	roc_auc	AuPR	pr_auc	parent_AC	parent_ID	selected	score_table_path	matrix_file_path	result_dir	board	data_type	experiment	TF	dataset	optimization	input_matrix_type	matrix_file_name	rank	TF:AC	duplicate TF:AC	rank_TF	TF:experiment	rank_TF:experiment	submission	Tf:experiment:gen	rank_TF:experiment:gen	first-in-generation	selection_gen0
20	cluster_1_node_4_5motifs_G20_M5_C1	cluster_1_node_4_5motifs_G20_M5_C1	0.99938	0.9993856196	0.9994655299	0.9994644867	cluster_1_node_4_5motifs_G19_M4_C9	cluster_1_node_4_5motifs_G19_M4_C9	1	results/leaderboard/train/HTS/NFKB1/NFKB1_R0_C4_lf5ACGACGCTCTTCCGATCTAC_rf3GCTGCTAGATCGGAAGAGCA/optimized_matrices/clust-trimmed-matrices_train-vs-rand/NFKB1_HTS_NFKB1_R0_C4_lf5ACGACGCTCTTCCGATCTAC_rf3GCTGCTAGATCGGAAGAGCA_clust-trimmed-matrices_train-vs-rand_gen0-20_score_table.tsv	results/leaderboard/train/HTS/NFKB1/NFKB1_R0_C4_lf5ACGACGCTCTTCCGATCTAC_rf3GCTGCTAGATCGGAAGAGCA/optimized_matrices/clust-trimmed-matrices_train-vs-rand/NFKB1_HTS_NFKB1_R0_C4_lf5ACGACGCTCTTCCGATCTAC_rf3GCTGCTAGATCGGAAGAGCA_clust-trimmed-matrices_train-vs-rand_gen20_scored.tf	results	leaderboard	train	HTS	NFKB1	NFKB1_R0_C4_lf5ACGACGCTCTTCCGATCTAC_rf3GCTGCTAGATCGGAAGAGCA	optimized_matrices	clust-trimmed-matrices_train-vs-rand	NFKB1_HTS_NFKB1_R0_C4_lf5ACGACGCTCTTCCGATCTAC_rf3GCTGCTAGATCGGAAGAGCA_clust-trimmed-matrices_train-vs-rand_gen0-20_score_table.tsv	1	NFKB1:cluster_1_node_4_5motifs_G20_M5_C1	Unique	1	NFKB1:HTS	1	1	NFKB1:HTS:20	1	Unique	0
20	cluster_1_G20_M3_C9	cluster_1_G20_M3_C9	0.99757	0.9975702085	0.9981757538	0.9981605022	cluster_1_G19_M4_C6	cluster_1_G19_M4_C6	1	results/leaderboard/train/HTS/NACC2/NACC2_R1_C4_lf5ACGACGCTCTTCCGATCTGA_rf3GGTCATAGATCGGAAGAGCA/optimized_matrices/clust-trimmed-matrices_train-vs-rand/NACC2_HTS_NACC2_R1_C4_lf5ACGACGCTCTTCCGATCTGA_rf3GGTCATAGATCGGAAGAGCA_clust-trimmed-matrices_train-vs-rand_gen0-20_score_table.tsv	results/leaderboard/train/HTS/NACC2/NACC2_R1_C4_lf5ACGACGCTCTTCCGATCTGA_rf3GGTCATAGATCGGAAGAGCA/optimized_matrices/clust-trimmed-matrices_train-vs-rand/NACC2_HTS_NACC2_R1_C4_lf5ACGACGCTCTTCCGATCTGA_rf3GGTCATAGATCGGAAGAGCA_clust-trimmed-matrices_train-vs-rand_gen20_scored.tf	results	leaderboard	train	HTS	NACC2	NACC2_R1_C4_lf5ACGACGCTCTTCCGATCTGA_rf3GGTCATAGATCGGAAGAGCA	optimized_matrices	clust-trimmed-matrices_train-vs-rand	NACC2_HTS_NACC2_R1_C4_lf5ACGACGCTCTTCCGATCTGA_rf3GGTCATAGATCGGAAGAGCA_clust-trimmed-matrices_train-vs-rand_gen0-20_score_table.tsv	194	NACC2:cluster_1_G20_M3_C9	Unique	1	NACC2:HTS	1	1	NACC2:HTS:20	1	Unique	0
0	cluster_1_node_4_5motifs	cluster_1_node_4_5motifs	0.99753	0.9975518281	0.9980752846	0.9980626339	Origin	Origin	1	results/leaderboard/train/HTS/NFKB1/NFKB1_R0_C4_lf5ACGACGCTCTTCCGATCTAC_rf3GCTGCTAGATCGGAAGAGCA/optimized_matrices/clust-trimmed-matrices_train-vs-rand/NFKB1_HTS_NFKB1_R0_C4_lf5ACGACGCTCTTCCGATCTAC_rf3GCTGCTAGATCGGAAGAGCA_clust-trimmed-matrices_train-vs-rand_gen0-20_score_table.tsv	results/leaderboard/train/HTS/NFKB1/NFKB1_R0_C4_lf5ACGACGCTCTTCCGATCTAC_rf3GCTGCTAGATCGGAAGAGCA/optimized_matrices/clust-trimmed-matrices_train-vs-rand/NFKB1_HTS_NFKB1_R0_C4_lf5ACGACGCTCTTCCGATCTAC_rf3GCTGCTAGATCGGAAGAGCA_clust-trimmed-matrices_train-vs-rand_gen0_scored.tf	results	leaderboard	train	HTS	NFKB1	NFKB1_R0_C4_lf5ACGACGCTCTTCCGATCTAC_rf3GCTGCTAGATCGGAAGAGCA	optimized_matrices	clust-trimmed-matrices_train-vs-rand	NFKB1_HTS_NFKB1_R0_C4_lf5ACGACGCTCTTCCGATCTAC_rf3GCTGCTAGATCGGAAGAGCA_clust-trimmed-matrices_train-vs-rand_gen0-20_score_table.tsv	200	NFKB1:cluster_1_node_4_5motifs	Unique	197	NFKB1:HTS	197	1	NFKB1:HTS:0	1	Unique	1
20	dyads_m1_G20_M5_C9	dyads_m1_G20_M5_C9	0.99419	0.9941311986	0.9327453313	0.9352452861	dyads_m1_G19_M4_C8	dyads_m1_G19_M4_C8	1	results/leaderboard/train/GHTS/ZNF362/YWK_D_AffSeq_E5_ZNF362.C2/optimized_matrices/peakmo-matrices_tf-vs-others/ZNF362_GHTS_YWK_D_AffSeq_E5_ZNF362.C2_peakmo-matrices_tf-vs-others_gen0-20_score_table.tsv	results/leaderboard/train/GHTS/ZNF362/YWK_D_AffSeq_E5_ZNF362.C2/optimized_matrices/peakmo-matrices_tf-vs-others/ZNF362_GHTS_YWK_D_AffSeq_E5_ZNF362.C2_peakmo-matrices_tf-vs-others_gen20_scored.tf	results	leaderboard	train	GHTS	ZNF362	YWK_D_AffSeq_E5_ZNF362.C2	optimized_matrices	peakmo-matrices_tf-vs-others	ZNF362_GHTS_YWK_D_AffSeq_E5_ZNF362.C2_peakmo-matrices_tf-vs-others_gen0-20_score_table.tsv	286	ZNF362:dyads_m1_G20_M5_C9	Unique	1	ZNF362:GHTS	1	1	ZNF362:GHTS:20	1	Unique	0
20	cluster_1_G19_M4_C9	cluster_1_G19_M4_C9	0.99296	0.9928968083	0.9913344874	0.9911246479	cluster_1_G18_M5_C6	cluster_1_G18_M5_C6	1	results/leaderboard/train/GHTS/GABPA/YWE_B_AffSeq_C12_GABPA.C2/optimized_matrices/clust-trimmed-matrices_train-vs-rand/GABPA_GHTS_YWE_B_AffSeq_C12_GABPA.C2_clust-trimmed-matrices_train-vs-rand_gen0-20_score_table.tsv	results/leaderboard/train/GHTS/GABPA/YWE_B_AffSeq_C12_GABPA.C2/optimized_matrices/clust-trimmed-matrices_train-vs-rand/GABPA_GHTS_YWE_B_AffSeq_C12_GABPA.C2_clust-trimmed-matrices_train-vs-rand_gen20_scored.tf	results	leaderboard	train	GHTS	GABPA	YWE_B_AffSeq_C12_GABPA.C2	optimized_matrices	clust-trimmed-matrices_train-vs-rand	GABPA_GHTS_YWE_B_AffSeq_C12_GABPA.C2_clust-trimmed-matrices_train-vs-rand_gen0-20_score_table.tsv	316	GABPA:cluster_1_G19_M4_C9	Unique	1	GABPA:GHTS	1	1	GABPA:GHTS:20	1	Unique	0
0	cluster_1	cluster_1	0.98999	0.9899847839	0.9932358694	0.9932027753	Origin	Origin	1	results/leaderboard/train/HTS/NACC2/NACC2_R1_C4_lf5ACGACGCTCTTCCGATCTGA_rf3GGTCATAGATCGGAAGAGCA/optimized_matrices/clust-trimmed-matrices_train-vs-rand/NACC2_HTS_NACC2_R1_C4_lf5ACGACGCTCTTCCGATCTGA_rf3GGTCATAGATCGGAAGAGCA_clust-trimmed-matrices_train-vs-rand_gen0-20_score_table.tsv	results/leaderboard/train/HTS/NACC2/NACC2_R1_C4_lf5ACGACGCTCTTCCGATCTGA_rf3GGTCATAGATCGGAAGAGCA/optimized_matrices/clust-trimmed-matrices_train-vs-rand/NACC2_HTS_NACC2_R1_C4_lf5ACGACGCTCTTCCGATCTGA_rf3GGTCATAGATCGGAAGAGCA_clust-trimmed-matrices_train-vs-rand_gen0_scored.tf	results	leaderboard	train	HTS	NACC2	NACC2_R1_C4_lf5ACGACGCTCTTCCGATCTGA_rf3GGTCATAGATCGGAAGAGCA	optimized_matrices	clust-trimmed-matrices_train-vs-rand	NACC2_HTS_NACC2_R1_C4_lf5ACGACGCTCTTCCGATCTGA_rf3GGTCATAGATCGGAAGAGCA_clust-trimmed-matrices_train-vs-rand_gen0-20_score_table.tsv	466	NACC2:cluster_1	Duplicate	100	NACC2:HTS	100	1	NACC2:HTS:0	1	Unique	1
20	cluster_3_G20_M1_C4	cluster_3_G20_M1_C4	0.98723	0.9872343772	0.9895030775	0.9893689241	cluster_3_G19_M2_C2	cluster_3_G19_M2_C2	1	results/leaderboard/train/HTS/TIGD3/TIGD3_R0_C4_lf5ACGACGCTCTTCCGATCTGC_rf3CACTTCAGATCGGAAGAGCA/optimized_matrices/clust-trimmed-matrices_train-vs-rand/TIGD3_HTS_TIGD3_R0_C4_lf5ACGACGCTCTTCCGATCTGC_rf3CACTTCAGATCGGAAGAGCA_clust-trimmed-matrices_train-vs-rand_gen0-20_score_table.tsv	results/leaderboard/train/HTS/TIGD3/TIGD3_R0_C4_lf5ACGACGCTCTTCCGATCTGC_rf3CACTTCAGATCGGAAGAGCA/optimized_matrices/clust-trimmed-matrices_train-vs-rand/TIGD3_HTS_TIGD3_R0_C4_lf5ACGACGCTCTTCCGATCTGC_rf3CACTTCAGATCGGAAGAGCA_clust-trimmed-matrices_train-vs-rand_gen20_scored.tf	results	leaderboard	train	HTS	TIGD3	TIGD3_R0_C4_lf5ACGACGCTCTTCCGATCTGC_rf3CACTTCAGATCGGAAGAGCA	optimized_matrices	clust-trimmed-matrices_train-vs-rand	TIGD3_HTS_TIGD3_R0_C4_lf5ACGACGCTCTTCCGATCTGC_rf3CACTTCAGATCGGAAGAGCA_clust-trimmed-matrices_train-vs-rand_gen0-20_score_table.tsv	519	TIGD3:cluster_3_G20_M1_C4	Unique	1	TIGD3:HTS	1	1	TIGD3:HTS:20	1	Unique	0
0	cluster_2_node_1_2motifs	cluster_2_node_1_2motifs	0.97522	0.9749423755	0.9254099284	0.9260273916	Origin	Origin	1	results/leaderboard/train/GHTS/ZNF362/YWK_D_AffSeq_E5_ZNF362.C2/optimized_matrices/clust-trimmed-matrices_tf-vs-others/ZNF362_GHTS_YWK_D_AffSeq_E5_ZNF362.C2_clust-trimmed-matrices_tf-vs-others_gen0-20_score_table.tsv	results/leaderboard/train/GHTS/ZNF362/YWK_D_AffSeq_E5_ZNF362.C2/optimized_matrices/clust-trimmed-matrices_tf-vs-others/ZNF362_GHTS_YWK_D_AffSeq_E5_ZNF362.C2_clust-trimmed-matrices_tf-vs-others_gen0_scored.tf	results	leaderboard	train	GHTS	ZNF362	YWK_D_AffSeq_E5_ZNF362.C2	optimized_matrices	clust-trimmed-matrices_tf-vs-others	ZNF362_GHTS_YWK_D_AffSeq_E5_ZNF362.C2_clust-trimmed-matrices_tf-vs-others_gen0-20_score_table.tsv	1061	ZNF362:cluster_2_node_1_2motifs	Unique	378	ZNF362:GHTS	378	1	ZNF362:GHTS:0	1	Unique	1
0	cluster_1	cluster_1	0.96753	0.967455224	0.969234111	0.9686583065	Origin	Origin	1	results/leaderboard/train/GHTS/GABPA/YWE_B_AffSeq_C12_GABPA.C2/optimized_matrices/clust-trimmed-matrices_train-vs-rand/GABPA_GHTS_YWE_B_AffSeq_C12_GABPA.C2_clust-trimmed-matrices_train-vs-rand_gen0-20_score_table.tsv	results/leaderboard/train/GHTS/GABPA/YWE_B_AffSeq_C12_GABPA.C2/optimized_matrices/clust-trimmed-matrices_train-vs-rand/GABPA_GHTS_YWE_B_AffSeq_C12_GABPA.C2_clust-trimmed-matrices_train-vs-rand_gen0_scored.tf	results	leaderboard	train	GHTS	GABPA	YWE_B_AffSeq_C12_GABPA.C2	optimized_matrices	clust-trimmed-matrices_train-vs-rand	GABPA_GHTS_YWE_B_AffSeq_C12_GABPA.C2_clust-trimmed-matrices_train-vs-rand_gen0-20_score_table.tsv	1216	GABPA:cluster_1	Unique	273	GABPA:GHTS	273	1	GABPA:GHTS:0	1	Unique	1
20	cluster_2_G20_M5_C9	cluster_2_G20_M5_C9	0.96308	0.9628559985	0.958872891	0.9583825004	cluster_2_G19_M4_C7	cluster_2_G19_M4_C7	1	results/leaderboard/train/GHTS/SP140/YWQ_B_AffSeq_G2_SP140-DBD.C3/optimized_matrices/clust-trimmed-matrices_train-vs-rand/SP140_GHTS_YWQ_B_AffSeq_G2_SP140-DBD.C3_clust-trimmed-matrices_train-vs-rand_gen0-20_score_table.tsv	results/leaderboard/train/GHTS/SP140/YWQ_B_AffSeq_G2_SP140-DBD.C3/optimized_matrices/clust-trimmed-matrices_train-vs-rand/SP140_GHTS_YWQ_B_AffSeq_G2_SP140-DBD.C3_clust-trimmed-matrices_train-vs-rand_gen20_scored.tf	results	leaderboard	train	GHTS	SP140	YWQ_B_AffSeq_G2_SP140-DBD.C3	optimized_matrices	clust-trimmed-matrices_train-vs-rand	SP140_GHTS_YWQ_B_AffSeq_G2_SP140-DBD.C3_clust-trimmed-matrices_train-vs-rand_gen0-20_score_table.tsv	1261	SP140:cluster_2_G20_M5_C9	Unique	1	SP140:GHTS	1	1	SP140:GHTS:20	1	Unique	0
20	cluster_1_node_1_2motifs_G20_M4_C1	cluster_1_node_1_2motifs_G20_M4_C1	0.96112	0.9609144216	0.2302305579	0.226726783	cluster_1_node_1_2motifs_G19_M5_C4	cluster_1_node_1_2motifs_G19_M5_C4	1	results/leaderboard/train/CHS/GABPA/THC_0866/optimized_matrices/clust-trimmed-matrices_tf-vs-others/GABPA_CHS_THC_0866_clust-trimmed-matrices_tf-vs-others_gen0-20_score_table.tsv	results/leaderboard/train/CHS/GABPA/THC_0866/optimized_matrices/clust-trimmed-matrices_tf-vs-others/GABPA_CHS_THC_0866_clust-trimmed-matrices_tf-vs-others_gen20_scored.tf	results	leaderboard	train	CHS	GABPA	THC_0866	optimized_matrices	clust-trimmed-matrices_tf-vs-others	GABPA_CHS_THC_0866_clust-trimmed-matrices_tf-vs-others_gen0-20_score_table.tsv	1286	GABPA:cluster_1_node_1_2motifs_G20_M4_C1	Unique	289	GABPA:CHS	1	1	GABPA:CHS:20	1	Unique	0
20	cluster_1_G20_M2_C6	cluster_1_G20_M2_C6	0.96000	0.9599853239	0.94082122	0.9408056446	cluster_1_G19_M2_C1	cluster_1_G19_M2_C1	1	results/leaderboard/train/CHS/ZNF362/THC_0364.Rep-MICHELLE_0314/optimized_matrices/clust-trimmed-matrices_train-vs-rand/ZNF362_CHS_THC_0364.Rep-MICHELLE_0314_clust-trimmed-matrices_train-vs-rand_gen0-20_score_table.tsv	results/leaderboard/train/CHS/ZNF362/THC_0364.Rep-MICHELLE_0314/optimized_matrices/clust-trimmed-matrices_train-vs-rand/ZNF362_CHS_THC_0364.Rep-MICHELLE_0314_clust-trimmed-matrices_train-vs-rand_gen20_scored.tf	results	leaderboard	train	CHS	ZNF362	THC_0364.Rep-MICHELLE_0314	optimized_matrices	clust-trimmed-matrices_train-vs-rand	ZNF362_CHS_THC_0364.Rep-MICHELLE_0314_clust-trimmed-matrices_train-vs-rand_gen0-20_score_table.tsv	1331	ZNF362:cluster_1_G20_M2_C6	Unique	409	ZNF362:CHS	1	1	ZNF362:CHS:20	1	Unique	0
20	cluster_1_node_3_3motifs_G20_M3_C2	cluster_1_node_3_3motifs_G20_M3_C2	0.95880	0.9579583864	0.9527839962	0.9563219112	cluster_1_node_3_3motifs_G19_M2_C6	cluster_1_node_3_3motifs_G19_M2_C6	1	results/leaderboard/train/GHTS/PRDM5/YWQ_B_AffSeq_F7_PRDM5-FL.C1/optimized_matrices/clust-trimmed-matrices_train-vs-rand/PRDM5_GHTS_YWQ_B_AffSeq_F7_PRDM5-FL.C1_clust-trimmed-matrices_train-vs-rand_gen0-20_score_table.tsv	results/leaderboard/train/GHTS/PRDM5/YWQ_B_AffSeq_F7_PRDM5-FL.C1/optimized_matrices/clust-trimmed-matrices_train-vs-rand/PRDM5_GHTS_YWQ_B_AffSeq_F7_PRDM5-FL.C1_clust-trimmed-matrices_train-vs-rand_gen20_scored.tf	results	leaderboard	train	GHTS	PRDM5	YWQ_B_AffSeq_F7_PRDM5-FL.C1	optimized_matrices	clust-trimmed-matrices_train-vs-rand	PRDM5_GHTS_YWQ_B_AffSeq_F7_PRDM5-FL.C1_clust-trimmed-matrices_train-vs-rand_gen0-20_score_table.tsv	1400	PRDM5:cluster_1_node_3_3motifs_G20_M3_C2	Unique	1	PRDM5:GHTS	1	1	PRDM5:GHTS:20	1	Unique	0
20	cluster_1_G20_M1_C5	cluster_1_G20_M1_C5	0.95345	0.9526417719	0.9601727728	0.9614504795	cluster_1_G19_M1_C1	cluster_1_G19_M1_C1	1	results/leaderboard/train/GHTS/ZNF407/YWL_B_AffSeq_A11_ZNF407.C3/optimized_matrices/clust-trimmed-matrices_train-vs-rand/ZNF407_GHTS_YWL_B_AffSeq_A11_ZNF407.C3_clust-trimmed-matrices_train-vs-rand_gen0-20_score_table.tsv	results/leaderboard/train/GHTS/ZNF407/YWL_B_AffSeq_A11_ZNF407.C3/optimized_matrices/clust-trimmed-matrices_train-vs-rand/ZNF407_GHTS_YWL_B_AffSeq_A11_ZNF407.C3_clust-trimmed-matrices_train-vs-rand_gen20_scored.tf	results	leaderboard	train	GHTS	ZNF407	YWL_B_AffSeq_A11_ZNF407.C3	optimized_matrices	clust-trimmed-matrices_train-vs-rand	ZNF407_GHTS_YWL_B_AffSeq_A11_ZNF407.C3_clust-trimmed-matrices_train-vs-rand_gen0-20_score_table.tsv	1650	ZNF407:cluster_1_G20_M1_C5	Unique	1	ZNF407:GHTS	1	1	ZNF407:GHTS:20	1	Unique	0
20	cluster_3_G20_M4_C5	cluster_3_G20_M4_C5	0.94879	0.9482700719	0.9564029413	0.9564537048	cluster_3_G19_M3_C1	cluster_3_G19_M3_C1	1	results/leaderboard/train/CHS/ZNF407/THC_0668/optimized_matrices/clust-trimmed-matrices_train-vs-rand/ZNF407_CHS_THC_0668_clust-trimmed-matrices_train-vs-rand_gen0-20_score_table.tsv	results/leaderboard/train/CHS/ZNF407/THC_0668/optimized_matrices/clust-trimmed-matrices_train-vs-rand/ZNF407_CHS_THC_0668_clust-trimmed-matrices_train-vs-rand_gen20_scored.tf	results	leaderboard	train	CHS	ZNF407	THC_0668	optimized_matrices	clust-trimmed-matrices_train-vs-rand	ZNF407_CHS_THC_0668_clust-trimmed-matrices_train-vs-rand_gen0-20_score_table.tsv	1792	ZNF407:cluster_3_G20_M4_C5	Unique	32	ZNF407:CHS	1	1	ZNF407:CHS:20	1	Unique	0
0	cluster_3	cluster_3	0.94071	0.9407201241	0.9598849425	0.9593586924	Origin	Origin	1	results/leaderboard/train/HTS/TIGD3/TIGD3_R0_C4_lf5ACGACGCTCTTCCGATCTGC_rf3CACTTCAGATCGGAAGAGCA/optimized_matrices/clust-trimmed-matrices_train-vs-rand/TIGD3_HTS_TIGD3_R0_C4_lf5ACGACGCTCTTCCGATCTGC_rf3CACTTCAGATCGGAAGAGCA_clust-trimmed-matrices_train-vs-rand_gen0-20_score_table.tsv	results/leaderboard/train/HTS/TIGD3/TIGD3_R0_C4_lf5ACGACGCTCTTCCGATCTGC_rf3CACTTCAGATCGGAAGAGCA/optimized_matrices/clust-trimmed-matrices_train-vs-rand/TIGD3_HTS_TIGD3_R0_C4_lf5ACGACGCTCTTCCGATCTGC_rf3CACTTCAGATCGGAAGAGCA_clust-trimmed-matrices_train-vs-rand_gen0_scored.tf	results	leaderboard	train	HTS	TIGD3	TIGD3_R0_C4_lf5ACGACGCTCTTCCGATCTGC_rf3CACTTCAGATCGGAAGAGCA	optimized_matrices	clust-trimmed-matrices_train-vs-rand	TIGD3_HTS_TIGD3_R0_C4_lf5ACGACGCTCTTCCGATCTGC_rf3CACTTCAGATCGGAAGAGCA_clust-trimmed-matrices_train-vs-rand_gen0-20_score_table.tsv	2050	TIGD3:cluster_3	Unique	179	TIGD3:HTS	179	1	TIGD3:HTS:0	1	Unique	1
0	oligos_6nt_mkv3_m1	oligos_6nt_mkv3_m1	0.93968	0.9393956282	0.2102192377	0.2073615035	Origin	Origin	1	results/leaderboard/train/CHS/GABPA/THC_0866/optimized_matrices/peakmo-matrices_tf-vs-others/GABPA_CHS_THC_0866_peakmo-matrices_tf-vs-others_gen0-20_score_table.tsv	results/leaderboard/train/CHS/GABPA/THC_0866/optimized_matrices/peakmo-matrices_tf-vs-others/GABPA_CHS_THC_0866_peakmo-matrices_tf-vs-others_gen0_scored.tf	results	leaderboard	train	CHS	GABPA	THC_0866	optimized_matrices	peakmo-matrices_tf-vs-others	GABPA_CHS_THC_0866_peakmo-matrices_tf-vs-others_gen0-20_score_table.tsv	2082	GABPA:oligos_6nt_mkv3_m1	Unique	586	GABPA:CHS	276	1	GABPA:CHS:0	1	Unique	1
0	cluster_1_node_3_4motifs	cluster_1_node_3_4motifs	0.93734	0.9373227622	0.9202181287	0.9200745686	Origin	Origin	1	results/leaderboard/train/CHS/ZNF362/THC_0364.Rep-MICHELLE_0314/optimized_matrices/clust-trimmed-matrices_train-vs-rand/ZNF362_CHS_THC_0364.Rep-MICHELLE_0314_clust-trimmed-matrices_train-vs-rand_gen0-20_score_table.tsv	results/leaderboard/train/CHS/ZNF362/THC_0364.Rep-MICHELLE_0314/optimized_matrices/clust-trimmed-matrices_train-vs-rand/ZNF362_CHS_THC_0364.Rep-MICHELLE_0314_clust-trimmed-matrices_train-vs-rand_gen0_scored.tf	results	leaderboard	train	CHS	ZNF362	THC_0364.Rep-MICHELLE_0314	optimized_matrices	clust-trimmed-matrices_train-vs-rand	ZNF362_CHS_THC_0364.Rep-MICHELLE_0314_clust-trimmed-matrices_train-vs-rand_gen0-20_score_table.tsv	2143	ZNF362:cluster_1_node_3_4motifs	Unique	571	ZNF362:CHS	160	1	ZNF362:CHS:0	1	Unique	1
0	cluster_1	cluster_1	0.92726	0.9288802149	0.9431425036	0.9444028628	Origin	Origin	1	results/leaderboard/train/GHTS/ZNF407/YWL_B_AffSeq_A11_ZNF407.C3/optimized_matrices/clust-trimmed-matrices_train-vs-rand/ZNF407_GHTS_YWL_B_AffSeq_A11_ZNF407.C3_clust-trimmed-matrices_train-vs-rand_gen0-20_score_table.tsv	results/leaderboard/train/GHTS/ZNF407/YWL_B_AffSeq_A11_ZNF407.C3/optimized_matrices/clust-trimmed-matrices_train-vs-rand/ZNF407_GHTS_YWL_B_AffSeq_A11_ZNF407.C3_clust-trimmed-matrices_train-vs-rand_gen0_scored.tf	results	leaderboard	train	GHTS	ZNF407	YWL_B_AffSeq_A11_ZNF407.C3	optimized_matrices	clust-trimmed-matrices_train-vs-rand	ZNF407_GHTS_YWL_B_AffSeq_A11_ZNF407.C3_clust-trimmed-matrices_train-vs-rand_gen0-20_score_table.tsv	2361	ZNF407:cluster_1	Unique	214	ZNF407:GHTS	119	1	ZNF407:GHTS:0	1	Unique	1
20	oligos_6-7nt_m2_G20_M2_C1	oligos_6-7nt_m2_G20_M2_C1	0.92666	0.9256772857	0.5782557014	0.5727341211	oligos_6-7nt_m2_G19_M3_C5	oligos_6-7nt_m2_G19_M3_C5	1	results/leaderboard/train/PBM/RORB/SD_PBM14337/optimized_matrices/peakmo-diff-matrices_top0500-vs-bg35000_tf-vs-others/RORB_PBM_SD_PBM14337_peakmo-diff-matrices_top0500-vs-bg35000_tf-vs-others_gen0-20_score_table.tsv	results/leaderboard/train/PBM/RORB/SD_PBM14337/optimized_matrices/peakmo-diff-matrices_top0500-vs-bg35000_tf-vs-others/RORB_PBM_SD_PBM14337_peakmo-diff-matrices_top0500-vs-bg35000_tf-vs-others_gen20_scored.tf	results	leaderboard	train	PBM	RORB	SD_PBM14337	optimized_matrices	peakmo-diff-matrices_top0500-vs-bg35000_tf-vs-others	RORB_PBM_SD_PBM14337_peakmo-diff-matrices_top0500-vs-bg35000_tf-vs-others_gen0-20_score_table.tsv	2368	RORB:oligos_6-7nt_m2_G20_M2_C1	Unique	1	RORB:PBM	1	1	RORB:PBM:20	1	Unique	0
0	cluster_3	cluster_3	0.92567	0.9251547033	0.9301616883	0.9300682908	Origin	Origin	1	results/leaderboard/train/CHS/ZNF407/THC_0668/optimized_matrices/clust-trimmed-matrices_train-vs-rand/ZNF407_CHS_THC_0668_clust-trimmed-matrices_train-vs-rand_gen0-20_score_table.tsv	results/leaderboard/train/CHS/ZNF407/THC_0668/optimized_matrices/clust-trimmed-matrices_train-vs-rand/ZNF407_CHS_THC_0668_clust-trimmed-matrices_train-vs-rand_gen0_scored.tf	results	leaderboard	train	CHS	ZNF407	THC_0668	optimized_matrices	clust-trimmed-matrices_train-vs-rand	ZNF407_CHS_THC_0668_clust-trimmed-matrices_train-vs-rand_gen0-20_score_table.tsv	2385	ZNF407:cluster_3	Unique	223	ZNF407:CHS	101	1	ZNF407:CHS:0	1	Unique	1
20	cluster_4_G20_M4_C10	cluster_4_G20_M4_C10	0.92050	0.920496329	0.9123853699	0.9110257994	cluster_4_G19_M4_C10	cluster_4_G19_M4_C10	1	results/leaderboard/train/HTS/RORB/RORB_R0_C4_lf5ACGACGCTCTTCCGATCTCA_rf3GCCTTTAGATCGGAAGAGCA/optimized_matrices/clust-trimmed-matrices_train-vs-rand/RORB_HTS_RORB_R0_C4_lf5ACGACGCTCTTCCGATCTCA_rf3GCCTTTAGATCGGAAGAGCA_clust-trimmed-matrices_train-vs-rand_gen0-20_score_table.tsv	results/leaderboard/train/HTS/RORB/RORB_R0_C4_lf5ACGACGCTCTTCCGATCTCA_rf3GCCTTTAGATCGGAAGAGCA/optimized_matrices/clust-trimmed-matrices_train-vs-rand/RORB_HTS_RORB_R0_C4_lf5ACGACGCTCTTCCGATCTCA_rf3GCCTTTAGATCGGAAGAGCA_clust-trimmed-matrices_train-vs-rand_gen20_scored.tf	results	leaderboard	train	HTS	RORB	RORB_R0_C4_lf5ACGACGCTCTTCCGATCTCA_rf3GCCTTTAGATCGGAAGAGCA	optimized_matrices	clust-trimmed-matrices_train-vs-rand	RORB_HTS_RORB_R0_C4_lf5ACGACGCTCTTCCGATCTCA_rf3GCCTTTAGATCGGAAGAGCA_clust-trimmed-matrices_train-vs-rand_gen0-20_score_table.tsv	2499	RORB:cluster_4_G20_M4_C10	Unique	37	RORB:HTS	1	1	RORB:HTS:20	1	Unique	0
20	cluster_3_G20_M3_C2	cluster_3_G20_M3_C2	0.90864	0.9086399822	0.891816477	0.8911125491	cluster_3_G19_M1_C5	cluster_3_G19_M1_C5	1	results/leaderboard/train/HTS/LEF1/LEF1_R0_C4_lf5ACGACGCTCTTCCGATCTAT_rf3AGCCTCAGATCGGAAGAGCA/optimized_matrices/clust-trimmed-matrices_train-vs-rand/LEF1_HTS_LEF1_R0_C4_lf5ACGACGCTCTTCCGATCTAT_rf3AGCCTCAGATCGGAAGAGCA_clust-trimmed-matrices_train-vs-rand_gen0-20_score_table.tsv	results/leaderboard/train/HTS/LEF1/LEF1_R0_C4_lf5ACGACGCTCTTCCGATCTAT_rf3AGCCTCAGATCGGAAGAGCA/optimized_matrices/clust-trimmed-matrices_train-vs-rand/LEF1_HTS_LEF1_R0_C4_lf5ACGACGCTCTTCCGATCTAT_rf3AGCCTCAGATCGGAAGAGCA_clust-trimmed-matrices_train-vs-rand_gen20_scored.tf	results	leaderboard	train	HTS	LEF1	LEF1_R0_C4_lf5ACGACGCTCTTCCGATCTAT_rf3AGCCTCAGATCGGAAGAGCA	optimized_matrices	clust-trimmed-matrices_train-vs-rand	LEF1_HTS_LEF1_R0_C4_lf5ACGACGCTCTTCCGATCTAT_rf3AGCCTCAGATCGGAAGAGCA_clust-trimmed-matrices_train-vs-rand_gen0-20_score_table.tsv	2815	LEF1:cluster_3_G20_M3_C2	Unique	1	LEF1:HTS	1	1	LEF1:HTS:20	1	Unique	0
20	dyads_test_vs_ctrl_m2_G20_M1_C2	dyads_test_vs_ctrl_m2_G20_M1_C2	0.90816	0.9072642571	0.2793426082	0.2767246102	dyads_test_vs_ctrl_m2_G18_M5_C8	dyads_test_vs_ctrl_m2_G18_M5_C8	1	results/leaderboard/train/PBM/TIGD3/QNZS_PBM13699/optimized_matrices/peakmo-diff-matrices_top0500-vs-bg35000_tf-vs-others/TIGD3_PBM_QNZS_PBM13699_peakmo-diff-matrices_top0500-vs-bg35000_tf-vs-others_gen0-20_score_table.tsv	results/leaderboard/train/PBM/TIGD3/QNZS_PBM13699/optimized_matrices/peakmo-diff-matrices_top0500-vs-bg35000_tf-vs-others/TIGD3_PBM_QNZS_PBM13699_peakmo-diff-matrices_top0500-vs-bg35000_tf-vs-others_gen20_scored.tf	results	leaderboard	train	PBM	TIGD3	QNZS_PBM13699	optimized_matrices	peakmo-diff-matrices_top0500-vs-bg35000_tf-vs-others	TIGD3_PBM_QNZS_PBM13699_peakmo-diff-matrices_top0500-vs-bg35000_tf-vs-others_gen0-20_score_table.tsv	2836	TIGD3:dyads_test_vs_ctrl_m2_G20_M1_C2	Unique	260	TIGD3:PBM	1	1	TIGD3:PBM:20	1	Unique	0
0	oligos_6-7nt_m2	oligos_6-7nt_m2	0.89539	0.8943026	0.5088094892	0.5033258418	Origin	Origin	1	results/leaderboard/train/PBM/RORB/SD_PBM14337/optimized_matrices/peakmo-diff-matrices_top0500-vs-bg35000_tf-vs-others/RORB_PBM_SD_PBM14337_peakmo-diff-matrices_top0500-vs-bg35000_tf-vs-others_gen0-20_score_table.tsv	results/leaderboard/train/PBM/RORB/SD_PBM14337/optimized_matrices/peakmo-diff-matrices_top0500-vs-bg35000_tf-vs-others/RORB_PBM_SD_PBM14337_peakmo-diff-matrices_top0500-vs-bg35000_tf-vs-others_gen0_scored.tf	results	leaderboard	train	PBM	RORB	SD_PBM14337	optimized_matrices	peakmo-diff-matrices_top0500-vs-bg35000_tf-vs-others	RORB_PBM_SD_PBM14337_peakmo-diff-matrices_top0500-vs-bg35000_tf-vs-others_gen0-20_score_table.tsv	3237	RORB:oligos_6-7nt_m2	Duplicate	154	RORB:PBM	97	1	RORB:PBM:0	1	Unique	1
20	dyads_test_vs_ctrl_m1_G20_M1_C7	dyads_test_vs_ctrl_m1_G20_M1_C7	0.88127	0.8799424	0.442185399	0.4362458534	dyads_test_vs_ctrl_m1_G18_M4_C8	dyads_test_vs_ctrl_m1_G18_M4_C8	1	results/leaderboard/train/PBM/LEF1/QNZS_PBM14333/optimized_matrices/peakmo-diff-matrices_top0500-vs-bg35000_tf-vs-others/LEF1_PBM_QNZS_PBM14333_peakmo-diff-matrices_top0500-vs-bg35000_tf-vs-others_gen0-20_score_table.tsv	results/leaderboard/train/PBM/LEF1/QNZS_PBM14333/optimized_matrices/peakmo-diff-matrices_top0500-vs-bg35000_tf-vs-others/LEF1_PBM_QNZS_PBM14333_peakmo-diff-matrices_top0500-vs-bg35000_tf-vs-others_gen20_scored.tf	results	leaderboard	train	PBM	LEF1	QNZS_PBM14333	optimized_matrices	peakmo-diff-matrices_top0500-vs-bg35000_tf-vs-others	LEF1_PBM_QNZS_PBM14333_peakmo-diff-matrices_top0500-vs-bg35000_tf-vs-others_gen0-20_score_table.tsv	3641	LEF1:dyads_test_vs_ctrl_m1_G20_M1_C7	Unique	28	LEF1:PBM	1	1	LEF1:PBM:20	1	Unique	0
0	oligos_6-7nt_m2	oligos_6-7nt_m2	0.86328	0.8616731714	0.4876549163	0.48283329	Origin	Origin	1	results/leaderboard/train/PBM/LEF1/QNZS_PBM14333/optimized_matrices/peakmo-diff-matrices_top0500-vs-bg35000_tf-vs-others/LEF1_PBM_QNZS_PBM14333_peakmo-diff-matrices_top0500-vs-bg35000_tf-vs-others_gen0-20_score_table.tsv	results/leaderboard/train/PBM/LEF1/QNZS_PBM14333/optimized_matrices/peakmo-diff-matrices_top0500-vs-bg35000_tf-vs-others/LEF1_PBM_QNZS_PBM14333_peakmo-diff-matrices_top0500-vs-bg35000_tf-vs-others_gen0_scored.tf	results	leaderboard	train	PBM	LEF1	QNZS_PBM14333	optimized_matrices	peakmo-diff-matrices_top0500-vs-bg35000_tf-vs-others	LEF1_PBM_QNZS_PBM14333_peakmo-diff-matrices_top0500-vs-bg35000_tf-vs-others_gen0-20_score_table.tsv	4458	LEF1:oligos_6-7nt_m2	Duplicate	182	LEF1:PBM	100	1	LEF1:PBM:0	1	Unique	1
20	cluster_10_G20_M5_C8	cluster_10_G20_M5_C8	0.84682	0.8467706701	0.8691654298	0.8679562489	cluster_10_G19_M5_C9	cluster_10_G19_M5_C9	1	results/leaderboard/train/CHS/PRDM5/THC_0307.Rep-DIANA_0293/optimized_matrices/clust-trimmed-matrices_train-vs-rand/PRDM5_CHS_THC_0307.Rep-DIANA_0293_clust-trimmed-matrices_train-vs-rand_gen0-20_score_table.tsv	results/leaderboard/train/CHS/PRDM5/THC_0307.Rep-DIANA_0293/optimized_matrices/clust-trimmed-matrices_train-vs-rand/PRDM5_CHS_THC_0307.Rep-DIANA_0293_clust-trimmed-matrices_train-vs-rand_gen20_scored.tf	results	leaderboard	train	CHS	PRDM5	THC_0307.Rep-DIANA_0293	optimized_matrices	clust-trimmed-matrices_train-vs-rand	PRDM5_CHS_THC_0307.Rep-DIANA_0293_clust-trimmed-matrices_train-vs-rand_gen0-20_score_table.tsv	4942	PRDM5:cluster_10_G20_M5_C8	Unique	373	PRDM5:CHS	1	1	PRDM5:CHS:20	1	Unique	0
19	cluster_4_G19_M1_C9	cluster_4_G19_M1_C9	0.84543	0.8454275304	0.8217568693	0.8202988884	cluster_4_G18_M2_C1	cluster_4_G18_M2_C1	1	results/leaderboard/train/SMS/NACC2/UT380-127-3/optimized_matrices/clust-trimmed-matrices_train-vs-rand/NACC2_SMS_UT380-127-3_clust-trimmed-matrices_train-vs-rand_gen0-20_score_table.tsv	results/leaderboard/train/SMS/NACC2/UT380-127-3/optimized_matrices/clust-trimmed-matrices_train-vs-rand/NACC2_SMS_UT380-127-3_clust-trimmed-matrices_train-vs-rand_gen19_scored.tf	results	leaderboard	train	SMS	NACC2	UT380-127-3	optimized_matrices	clust-trimmed-matrices_train-vs-rand	NACC2_SMS_UT380-127-3_clust-trimmed-matrices_train-vs-rand_gen0-20_score_table.tsv	4993	NACC2:cluster_4_G19_M1_C9	Unique	251	NACC2:SMS	1	1	NACC2:SMS:19	1	Unique	0
0	cluster_1_node_3_3motifs	cluster_1_node_3_3motifs	0.83341	0.8314604275	0.8306713854	0.8326991079	Origin	Origin	1	results/leaderboard/train/GHTS/PRDM5/YWQ_B_AffSeq_F7_PRDM5-FL.C1/optimized_matrices/clust-trimmed-matrices_train-vs-rand/PRDM5_GHTS_YWQ_B_AffSeq_F7_PRDM5-FL.C1_clust-trimmed-matrices_train-vs-rand_gen0-20_score_table.tsv	results/leaderboard/train/GHTS/PRDM5/YWQ_B_AffSeq_F7_PRDM5-FL.C1/optimized_matrices/clust-trimmed-matrices_train-vs-rand/PRDM5_GHTS_YWQ_B_AffSeq_F7_PRDM5-FL.C1_clust-trimmed-matrices_train-vs-rand_gen0_scored.tf	results	leaderboard	train	GHTS	PRDM5	YWQ_B_AffSeq_F7_PRDM5-FL.C1	optimized_matrices	clust-trimmed-matrices_train-vs-rand	PRDM5_GHTS_YWQ_B_AffSeq_F7_PRDM5-FL.C1_clust-trimmed-matrices_train-vs-rand_gen0-20_score_table.tsv	5542	PRDM5:cluster_1_node_3_3motifs	Unique	480	PRDM5:GHTS	425	1	PRDM5:GHTS:0	1	Unique	1
20	cluster_4_G20_M1_C8	cluster_4_G20_M1_C8	0.83007	0.8300541416	0.8162526664	0.8136630737	cluster_4_G19_M1_C10	cluster_4_G19_M1_C10	1	results/leaderboard/train/SMS/RORB/SRR3405080/optimized_matrices/clust-trimmed-matrices_train-vs-rand/RORB_SMS_SRR3405080_clust-trimmed-matrices_train-vs-rand_gen0-20_score_table.tsv	results/leaderboard/train/SMS/RORB/SRR3405080/optimized_matrices/clust-trimmed-matrices_train-vs-rand/RORB_SMS_SRR3405080_clust-trimmed-matrices_train-vs-rand_gen20_scored.tf	results	leaderboard	train	SMS	RORB	SRR3405080	optimized_matrices	clust-trimmed-matrices_train-vs-rand	RORB_SMS_SRR3405080_clust-trimmed-matrices_train-vs-rand_gen0-20_score_table.tsv	5673	RORB:cluster_4_G20_M1_C8	Unique	476	RORB:SMS	1	1	RORB:SMS:20	1	Unique	0
0	cluster_10	cluster_10	0.81312	0.8130724288	0.8336791874	0.8322185969	Origin	Origin	1	results/leaderboard/train/CHS/PRDM5/THC_0307.Rep-DIANA_0293/optimized_matrices/clust-trimmed-matrices_train-vs-rand/PRDM5_CHS_THC_0307.Rep-DIANA_0293_clust-trimmed-matrices_train-vs-rand_gen0-20_score_table.tsv	results/leaderboard/train/CHS/PRDM5/THC_0307.Rep-DIANA_0293/optimized_matrices/clust-trimmed-matrices_train-vs-rand/PRDM5_CHS_THC_0307.Rep-DIANA_0293_clust-trimmed-matrices_train-vs-rand_gen0_scored.tf	results	leaderboard	train	CHS	PRDM5	THC_0307.Rep-DIANA_0293	optimized_matrices	clust-trimmed-matrices_train-vs-rand	PRDM5_CHS_THC_0307.Rep-DIANA_0293_clust-trimmed-matrices_train-vs-rand_gen0-20_score_table.tsv	6261	PRDM5:cluster_10	Unique	616	PRDM5:CHS	108	1	PRDM5:CHS:0	1	Unique	1
20	cluster_2_node_2_2motifs_G20_M5_C2	cluster_2_node_2_2motifs_G20_M5_C2	0.77476	0.7747796899	0.7476557846	0.7468715334	cluster_2_node_2_2motifs_G19_M5_C9	cluster_2_node_2_2motifs_G19_M5_C9	1	results/leaderboard/train/SMS/TIGD3/UT380-225/optimized_matrices/clust-trimmed-matrices_train-vs-rand/TIGD3_SMS_UT380-225_clust-trimmed-matrices_train-vs-rand_gen0-20_score_table.tsv	results/leaderboard/train/SMS/TIGD3/UT380-225/optimized_matrices/clust-trimmed-matrices_train-vs-rand/TIGD3_SMS_UT380-225_clust-trimmed-matrices_train-vs-rand_gen20_scored.tf	results	leaderboard	train	SMS	TIGD3	UT380-225	optimized_matrices	clust-trimmed-matrices_train-vs-rand	TIGD3_SMS_UT380-225_clust-trimmed-matrices_train-vs-rand_gen0-20_score_table.tsv	7152	TIGD3:cluster_2_node_2_2motifs_G20_M5_C2	Unique	596	TIGD3:SMS	1	1	TIGD3:SMS:20	1	Unique	0
20	oligos_6-7nt_m3_G20_M5_C2	oligos_6-7nt_m3_G20_M5_C2	0.76156	0.7597718857	0.06987802812	0.06914105065	oligos_6-7nt_m3_G19_M1_C7	oligos_6-7nt_m3_G19_M1_C7	1	results/leaderboard/train/PBM/NACC2/QNZS_PBM13725/optimized_matrices/peakmo-diff-matrices_top0500-vs-bg35000_tf-vs-others/NACC2_PBM_QNZS_PBM13725_peakmo-diff-matrices_top0500-vs-bg35000_tf-vs-others_gen0-20_score_table.tsv	results/leaderboard/train/PBM/NACC2/QNZS_PBM13725/optimized_matrices/peakmo-diff-matrices_top0500-vs-bg35000_tf-vs-others/NACC2_PBM_QNZS_PBM13725_peakmo-diff-matrices_top0500-vs-bg35000_tf-vs-others_gen20_scored.tf	results	leaderboard	train	PBM	NACC2	QNZS_PBM13725	optimized_matrices	peakmo-diff-matrices_top0500-vs-bg35000_tf-vs-others	NACC2_PBM_QNZS_PBM13725_peakmo-diff-matrices_top0500-vs-bg35000_tf-vs-others_gen0-20_score_table.tsv	7401	NACC2:oligos_6-7nt_m3_G20_M5_C2	Unique	566	NACC2:PBM	1	1	NACC2:PBM:20	1	Unique	0
20	positions_6nt_m2_G20_M3_C7	positions_6nt_m2_G20_M3_C7	0.74190	0.740852198	0.03955489817	0.03198451025	positions_6nt_m2_G19_M1_C2	positions_6nt_m2_G19_M1_C2	1	results/leaderboard/train/CHS/SP140/THC_0193/optimized_matrices/peakmo-matrices_tf-vs-others/SP140_CHS_THC_0193_peakmo-matrices_tf-vs-others_gen0-20_score_table.tsv	results/leaderboard/train/CHS/SP140/THC_0193/optimized_matrices/peakmo-matrices_tf-vs-others/SP140_CHS_THC_0193_peakmo-matrices_tf-vs-others_gen20_scored.tf	results	leaderboard	train	CHS	SP140	THC_0193	optimized_matrices	peakmo-matrices_tf-vs-others	SP140_CHS_THC_0193_peakmo-matrices_tf-vs-others_gen0-20_score_table.tsv	7822	SP140:positions_6nt_m2_G20_M3_C7	Unique	600	SP140:CHS	1	1	SP140:CHS:20	1	Unique	0
20	cluster_4_G20_M4_C5	cluster_4_G20_M4_C5	0.73087	0.7309102144	0.7237531697	0.7227035921	cluster_4_G19_M2_C5	cluster_4_G19_M2_C5	1	results/leaderboard/train/SMS/NFKB1/SRR3405069/optimized_matrices/clust-trimmed-matrices_train-vs-rand/NFKB1_SMS_SRR3405069_clust-trimmed-matrices_train-vs-rand_gen0-20_score_table.tsv	results/leaderboard/train/SMS/NFKB1/SRR3405069/optimized_matrices/clust-trimmed-matrices_train-vs-rand/NFKB1_SMS_SRR3405069_clust-trimmed-matrices_train-vs-rand_gen20_scored.tf	results	leaderboard	train	SMS	NFKB1	SRR3405069	optimized_matrices	clust-trimmed-matrices_train-vs-rand	NFKB1_SMS_SRR3405069_clust-trimmed-matrices_train-vs-rand_gen0-20_score_table.tsv	8054	NFKB1:cluster_4_G20_M4_C5	Unique	421	NFKB1:SMS	1	1	NFKB1:SMS:20	1	Unique	0
20	cluster_1_node_2_2motifs_G20_M5_C2	cluster_1_node_2_2motifs_G20_M5_C2	0.70013	0.7001180484	0.6873841041	0.6865514611	cluster_1_node_2_2motifs_G19_M5_C7	cluster_1_node_2_2motifs_G19_M5_C7	1	results/leaderboard/train/SMS/LEF1/SRR3405063/optimized_matrices/clust-trimmed-matrices_train-vs-rand/LEF1_SMS_SRR3405063_clust-trimmed-matrices_train-vs-rand_gen0-20_score_table.tsv	results/leaderboard/train/SMS/LEF1/SRR3405063/optimized_matrices/clust-trimmed-matrices_train-vs-rand/LEF1_SMS_SRR3405063_clust-trimmed-matrices_train-vs-rand_gen20_scored.tf	results	leaderboard	train	SMS	LEF1	SRR3405063	optimized_matrices	clust-trimmed-matrices_train-vs-rand	LEF1_SMS_SRR3405063_clust-trimmed-matrices_train-vs-rand_gen0-20_score_table.tsv	8766	LEF1:cluster_1_node_2_2motifs_G20_M5_C2	Unique	522	LEF1:SMS	1	1	LEF1:SMS:20	1	Unique	0