generation	AC	ID	AuROC	roc_auc	AuPR	pr_auc	parent_AC	parent_ID	selected	score_table_path	matrix_file_path	result_dir	board	data_type	experiment	TF	dataset	optimization	input_matrix_type	matrix_file_name	TF:experiment	rank_TF:experiment	rank	rank_TF	submission	Tf:experiment:gen	rank_TF:experiment:gen	first-in-generation	selection_gen0	TF:AC	duplicate
0	cluster_1_node_4_5motifs	cluster_1_node_4_5motifs	0.99753	0.9975518281	0.9980752846	0.9980626339	Origin	Origin	1	results/leaderboard/train/HTS/NFKB1/NFKB1_R0_C4_lf5ACGACGCTCTTCCGATCTAC_rf3GCTGCTAGATCGGAAGAGCA/optimized_matrices/clust-trimmed-matrices_train-vs-rand/NFKB1_HTS_NFKB1_R0_C4_lf5ACGACGCTCTTCCGATCTAC_rf3GCTGCTAGATCGGAAGAGCA_clust-trimmed-matrices_train-vs-rand_gen0-20_score_table.tsv	results/leaderboard/train/HTS/NFKB1/NFKB1_R0_C4_lf5ACGACGCTCTTCCGATCTAC_rf3GCTGCTAGATCGGAAGAGCA/optimized_matrices/clust-trimmed-matrices_train-vs-rand/NFKB1_HTS_NFKB1_R0_C4_lf5ACGACGCTCTTCCGATCTAC_rf3GCTGCTAGATCGGAAGAGCA_clust-trimmed-matrices_train-vs-rand_gen0_scored.tf	results	leaderboard	train	HTS	NFKB1	NFKB1_R0_C4_lf5ACGACGCTCTTCCGATCTAC_rf3GCTGCTAGATCGGAAGAGCA	optimized_matrices	clust-trimmed-matrices_train-vs-rand	NFKB1_HTS_NFKB1_R0_C4_lf5ACGACGCTCTTCCGATCTAC_rf3GCTGCTAGATCGGAAGAGCA_clust-trimmed-matrices_train-vs-rand_gen0-20_score_table.tsv	NFKB1:HTS	197	200	197		NFKB1:HTS:0	1	Unique	1	NFKB1:cluster_1_node_4_5motifs	Duplicate
0	cluster_1	cluster_1	0.98999	0.9899847839	0.9932358694	0.9932027753	Origin	Origin	1	results/leaderboard/train/HTS/NACC2/NACC2_R1_C4_lf5ACGACGCTCTTCCGATCTGA_rf3GGTCATAGATCGGAAGAGCA/optimized_matrices/clust-trimmed-matrices_train-vs-rand/NACC2_HTS_NACC2_R1_C4_lf5ACGACGCTCTTCCGATCTGA_rf3GGTCATAGATCGGAAGAGCA_clust-trimmed-matrices_train-vs-rand_gen0-20_score_table.tsv	results/leaderboard/train/HTS/NACC2/NACC2_R1_C4_lf5ACGACGCTCTTCCGATCTGA_rf3GGTCATAGATCGGAAGAGCA/optimized_matrices/clust-trimmed-matrices_train-vs-rand/NACC2_HTS_NACC2_R1_C4_lf5ACGACGCTCTTCCGATCTGA_rf3GGTCATAGATCGGAAGAGCA_clust-trimmed-matrices_train-vs-rand_gen0_scored.tf	results	leaderboard	train	HTS	NACC2	NACC2_R1_C4_lf5ACGACGCTCTTCCGATCTGA_rf3GGTCATAGATCGGAAGAGCA	optimized_matrices	clust-trimmed-matrices_train-vs-rand	NACC2_HTS_NACC2_R1_C4_lf5ACGACGCTCTTCCGATCTGA_rf3GGTCATAGATCGGAAGAGCA_clust-trimmed-matrices_train-vs-rand_gen0-20_score_table.tsv	NACC2:HTS	100	466	100		NACC2:HTS:0	1	Unique	1	NACC2:cluster_1	Duplicate
0	cluster_2_node_1_2motifs	cluster_2_node_1_2motifs	0.97522	0.9749423755	0.9254099284	0.9260273916	Origin	Origin	1	results/leaderboard/train/GHTS/ZNF362/YWK_D_AffSeq_E5_ZNF362.C2/optimized_matrices/clust-trimmed-matrices_tf-vs-others/ZNF362_GHTS_YWK_D_AffSeq_E5_ZNF362.C2_clust-trimmed-matrices_tf-vs-others_gen0-20_score_table.tsv	results/leaderboard/train/GHTS/ZNF362/YWK_D_AffSeq_E5_ZNF362.C2/optimized_matrices/clust-trimmed-matrices_tf-vs-others/ZNF362_GHTS_YWK_D_AffSeq_E5_ZNF362.C2_clust-trimmed-matrices_tf-vs-others_gen0_scored.tf	results	leaderboard	train	GHTS	ZNF362	YWK_D_AffSeq_E5_ZNF362.C2	optimized_matrices	clust-trimmed-matrices_tf-vs-others	ZNF362_GHTS_YWK_D_AffSeq_E5_ZNF362.C2_clust-trimmed-matrices_tf-vs-others_gen0-20_score_table.tsv	ZNF362:GHTS	378	1061	378		ZNF362:GHTS:0	1	Unique	1	ZNF362:cluster_2_node_1_2motifs	Duplicate
0	cluster_1	cluster_1	0.96753	0.967455224	0.969234111	0.9686583065	Origin	Origin	1	results/leaderboard/train/GHTS/GABPA/YWE_B_AffSeq_C12_GABPA.C2/optimized_matrices/clust-trimmed-matrices_train-vs-rand/GABPA_GHTS_YWE_B_AffSeq_C12_GABPA.C2_clust-trimmed-matrices_train-vs-rand_gen0-20_score_table.tsv	results/leaderboard/train/GHTS/GABPA/YWE_B_AffSeq_C12_GABPA.C2/optimized_matrices/clust-trimmed-matrices_train-vs-rand/GABPA_GHTS_YWE_B_AffSeq_C12_GABPA.C2_clust-trimmed-matrices_train-vs-rand_gen0_scored.tf	results	leaderboard	train	GHTS	GABPA	YWE_B_AffSeq_C12_GABPA.C2	optimized_matrices	clust-trimmed-matrices_train-vs-rand	GABPA_GHTS_YWE_B_AffSeq_C12_GABPA.C2_clust-trimmed-matrices_train-vs-rand_gen0-20_score_table.tsv	GABPA:GHTS	273	1216	273		GABPA:GHTS:0	1	Unique	1	GABPA:cluster_1	Duplicate
0	cluster_3	cluster_3	0.94071	0.9407201241	0.9598849425	0.9593586924	Origin	Origin	1	results/leaderboard/train/HTS/TIGD3/TIGD3_R0_C4_lf5ACGACGCTCTTCCGATCTGC_rf3CACTTCAGATCGGAAGAGCA/optimized_matrices/clust-trimmed-matrices_train-vs-rand/TIGD3_HTS_TIGD3_R0_C4_lf5ACGACGCTCTTCCGATCTGC_rf3CACTTCAGATCGGAAGAGCA_clust-trimmed-matrices_train-vs-rand_gen0-20_score_table.tsv	results/leaderboard/train/HTS/TIGD3/TIGD3_R0_C4_lf5ACGACGCTCTTCCGATCTGC_rf3CACTTCAGATCGGAAGAGCA/optimized_matrices/clust-trimmed-matrices_train-vs-rand/TIGD3_HTS_TIGD3_R0_C4_lf5ACGACGCTCTTCCGATCTGC_rf3CACTTCAGATCGGAAGAGCA_clust-trimmed-matrices_train-vs-rand_gen0_scored.tf	results	leaderboard	train	HTS	TIGD3	TIGD3_R0_C4_lf5ACGACGCTCTTCCGATCTGC_rf3CACTTCAGATCGGAAGAGCA	optimized_matrices	clust-trimmed-matrices_train-vs-rand	TIGD3_HTS_TIGD3_R0_C4_lf5ACGACGCTCTTCCGATCTGC_rf3CACTTCAGATCGGAAGAGCA_clust-trimmed-matrices_train-vs-rand_gen0-20_score_table.tsv	TIGD3:HTS	179	2050	179		TIGD3:HTS:0	1	Unique	1	TIGD3:cluster_3	Duplicate
0	oligos_6nt_mkv3_m1	oligos_6nt_mkv3_m1	0.93968	0.9393956282	0.2102192377	0.2073615035	Origin	Origin	1	results/leaderboard/train/CHS/GABPA/THC_0866/optimized_matrices/peakmo-matrices_tf-vs-others/GABPA_CHS_THC_0866_peakmo-matrices_tf-vs-others_gen0-20_score_table.tsv	results/leaderboard/train/CHS/GABPA/THC_0866/optimized_matrices/peakmo-matrices_tf-vs-others/GABPA_CHS_THC_0866_peakmo-matrices_tf-vs-others_gen0_scored.tf	results	leaderboard	train	CHS	GABPA	THC_0866	optimized_matrices	peakmo-matrices_tf-vs-others	GABPA_CHS_THC_0866_peakmo-matrices_tf-vs-others_gen0-20_score_table.tsv	GABPA:CHS	276	2082	586		GABPA:CHS:0	1	Unique	1	GABPA:oligos_6nt_mkv3_m1	Duplicate
0	cluster_1_node_3_4motifs	cluster_1_node_3_4motifs	0.93734	0.9373227622	0.9202181287	0.9200745686	Origin	Origin	1	results/leaderboard/train/CHS/ZNF362/THC_0364.Rep-MICHELLE_0314/optimized_matrices/clust-trimmed-matrices_train-vs-rand/ZNF362_CHS_THC_0364.Rep-MICHELLE_0314_clust-trimmed-matrices_train-vs-rand_gen0-20_score_table.tsv	results/leaderboard/train/CHS/ZNF362/THC_0364.Rep-MICHELLE_0314/optimized_matrices/clust-trimmed-matrices_train-vs-rand/ZNF362_CHS_THC_0364.Rep-MICHELLE_0314_clust-trimmed-matrices_train-vs-rand_gen0_scored.tf	results	leaderboard	train	CHS	ZNF362	THC_0364.Rep-MICHELLE_0314	optimized_matrices	clust-trimmed-matrices_train-vs-rand	ZNF362_CHS_THC_0364.Rep-MICHELLE_0314_clust-trimmed-matrices_train-vs-rand_gen0-20_score_table.tsv	ZNF362:CHS	160	2143	571		ZNF362:CHS:0	1	Unique	1	ZNF362:cluster_1_node_3_4motifs	Duplicate
0	cluster_1	cluster_1	0.92726	0.9288802149	0.9431425036	0.9444028628	Origin	Origin	1	results/leaderboard/train/GHTS/ZNF407/YWL_B_AffSeq_A11_ZNF407.C3/optimized_matrices/clust-trimmed-matrices_train-vs-rand/ZNF407_GHTS_YWL_B_AffSeq_A11_ZNF407.C3_clust-trimmed-matrices_train-vs-rand_gen0-20_score_table.tsv	results/leaderboard/train/GHTS/ZNF407/YWL_B_AffSeq_A11_ZNF407.C3/optimized_matrices/clust-trimmed-matrices_train-vs-rand/ZNF407_GHTS_YWL_B_AffSeq_A11_ZNF407.C3_clust-trimmed-matrices_train-vs-rand_gen0_scored.tf	results	leaderboard	train	GHTS	ZNF407	YWL_B_AffSeq_A11_ZNF407.C3	optimized_matrices	clust-trimmed-matrices_train-vs-rand	ZNF407_GHTS_YWL_B_AffSeq_A11_ZNF407.C3_clust-trimmed-matrices_train-vs-rand_gen0-20_score_table.tsv	ZNF407:GHTS	119	2361	214		ZNF407:GHTS:0	1	Unique	1	ZNF407:cluster_1	Duplicate
0	cluster_3	cluster_3	0.92567	0.9251547033	0.9301616883	0.9300682908	Origin	Origin	1	results/leaderboard/train/CHS/ZNF407/THC_0668/optimized_matrices/clust-trimmed-matrices_train-vs-rand/ZNF407_CHS_THC_0668_clust-trimmed-matrices_train-vs-rand_gen0-20_score_table.tsv	results/leaderboard/train/CHS/ZNF407/THC_0668/optimized_matrices/clust-trimmed-matrices_train-vs-rand/ZNF407_CHS_THC_0668_clust-trimmed-matrices_train-vs-rand_gen0_scored.tf	results	leaderboard	train	CHS	ZNF407	THC_0668	optimized_matrices	clust-trimmed-matrices_train-vs-rand	ZNF407_CHS_THC_0668_clust-trimmed-matrices_train-vs-rand_gen0-20_score_table.tsv	ZNF407:CHS	101	2385	223		ZNF407:CHS:0	1	Unique	1	ZNF407:cluster_3	Duplicate
0	oligos_6-7nt_m2	oligos_6-7nt_m2	0.89539	0.8943026	0.5088094892	0.5033258418	Origin	Origin	1	results/leaderboard/train/PBM/RORB/SD_PBM14337/optimized_matrices/peakmo-diff-matrices_top0500-vs-bg35000_tf-vs-others/RORB_PBM_SD_PBM14337_peakmo-diff-matrices_top0500-vs-bg35000_tf-vs-others_gen0-20_score_table.tsv	results/leaderboard/train/PBM/RORB/SD_PBM14337/optimized_matrices/peakmo-diff-matrices_top0500-vs-bg35000_tf-vs-others/RORB_PBM_SD_PBM14337_peakmo-diff-matrices_top0500-vs-bg35000_tf-vs-others_gen0_scored.tf	results	leaderboard	train	PBM	RORB	SD_PBM14337	optimized_matrices	peakmo-diff-matrices_top0500-vs-bg35000_tf-vs-others	RORB_PBM_SD_PBM14337_peakmo-diff-matrices_top0500-vs-bg35000_tf-vs-others_gen0-20_score_table.tsv	RORB:PBM	97	3237	154		RORB:PBM:0	1	Unique	1	RORB:oligos_6-7nt_m2	Duplicate
0	dyads_test_vs_ctrl_m2	dyads_test_vs_ctrl_m2	0.89287	0.8917875714	0.2694656377	0.2664056744	Origin	Origin	1	results/leaderboard/train/PBM/TIGD3/QNZS_PBM13699/optimized_matrices/peakmo-diff-matrices_top0500-vs-bg35000_tf-vs-others/TIGD3_PBM_QNZS_PBM13699_peakmo-diff-matrices_top0500-vs-bg35000_tf-vs-others_gen0-20_score_table.tsv	results/leaderboard/train/PBM/TIGD3/QNZS_PBM13699/optimized_matrices/peakmo-diff-matrices_top0500-vs-bg35000_tf-vs-others/TIGD3_PBM_QNZS_PBM13699_peakmo-diff-matrices_top0500-vs-bg35000_tf-vs-others_gen0_scored.tf	results	leaderboard	train	PBM	TIGD3	QNZS_PBM13699	optimized_matrices	peakmo-diff-matrices_top0500-vs-bg35000_tf-vs-others	TIGD3_PBM_QNZS_PBM13699_peakmo-diff-matrices_top0500-vs-bg35000_tf-vs-others_gen0-20_score_table.tsv	TIGD3:PBM	96	3310	377		TIGD3:PBM:0	1	Unique	1	TIGD3:dyads_test_vs_ctrl_m2	Duplicate
0	oligos_6-7nt_m2	oligos_6-7nt_m2	0.86328	0.8616731714	0.4876549163	0.48283329	Origin	Origin	1	results/leaderboard/train/PBM/LEF1/QNZS_PBM14333/optimized_matrices/peakmo-diff-matrices_top0500-vs-bg35000_tf-vs-others/LEF1_PBM_QNZS_PBM14333_peakmo-diff-matrices_top0500-vs-bg35000_tf-vs-others_gen0-20_score_table.tsv	results/leaderboard/train/PBM/LEF1/QNZS_PBM14333/optimized_matrices/peakmo-diff-matrices_top0500-vs-bg35000_tf-vs-others/LEF1_PBM_QNZS_PBM14333_peakmo-diff-matrices_top0500-vs-bg35000_tf-vs-others_gen0_scored.tf	results	leaderboard	train	PBM	LEF1	QNZS_PBM14333	optimized_matrices	peakmo-diff-matrices_top0500-vs-bg35000_tf-vs-others	LEF1_PBM_QNZS_PBM14333_peakmo-diff-matrices_top0500-vs-bg35000_tf-vs-others_gen0-20_score_table.tsv	LEF1:PBM	100	4458	182		LEF1:PBM:0	1	Unique	1	LEF1:oligos_6-7nt_m2	Duplicate
0	cluster_2	cluster_2	0.84142	0.8409955802	0.8532329187	0.8510403865	Origin	Origin	1	results/leaderboard/train/GHTS/SP140/YWQ_B_AffSeq_G2_SP140-DBD.C3/optimized_matrices/clust-trimmed-matrices_train-vs-rand/SP140_GHTS_YWQ_B_AffSeq_G2_SP140-DBD.C3_clust-trimmed-matrices_train-vs-rand_gen0-20_score_table.tsv	results/leaderboard/train/GHTS/SP140/YWQ_B_AffSeq_G2_SP140-DBD.C3/optimized_matrices/clust-trimmed-matrices_train-vs-rand/SP140_GHTS_YWQ_B_AffSeq_G2_SP140-DBD.C3_clust-trimmed-matrices_train-vs-rand_gen0_scored.tf	results	leaderboard	train	GHTS	SP140	YWQ_B_AffSeq_G2_SP140-DBD.C3	optimized_matrices	clust-trimmed-matrices_train-vs-rand	SP140_GHTS_YWQ_B_AffSeq_G2_SP140-DBD.C3_clust-trimmed-matrices_train-vs-rand_gen0-20_score_table.tsv	SP140:GHTS	434	5181	434		SP140:GHTS:0	1	Unique	1	SP140:cluster_2	Duplicate
0	cluster_1_node_3_3motifs	cluster_1_node_3_3motifs	0.83341	0.8314604275	0.8306713854	0.8326991079	Origin	Origin	1	results/leaderboard/train/GHTS/PRDM5/YWQ_B_AffSeq_F7_PRDM5-FL.C1/optimized_matrices/clust-trimmed-matrices_train-vs-rand/PRDM5_GHTS_YWQ_B_AffSeq_F7_PRDM5-FL.C1_clust-trimmed-matrices_train-vs-rand_gen0-20_score_table.tsv	results/leaderboard/train/GHTS/PRDM5/YWQ_B_AffSeq_F7_PRDM5-FL.C1/optimized_matrices/clust-trimmed-matrices_train-vs-rand/PRDM5_GHTS_YWQ_B_AffSeq_F7_PRDM5-FL.C1_clust-trimmed-matrices_train-vs-rand_gen0_scored.tf	results	leaderboard	train	GHTS	PRDM5	YWQ_B_AffSeq_F7_PRDM5-FL.C1	optimized_matrices	clust-trimmed-matrices_train-vs-rand	PRDM5_GHTS_YWQ_B_AffSeq_F7_PRDM5-FL.C1_clust-trimmed-matrices_train-vs-rand_gen0-20_score_table.tsv	PRDM5:GHTS	425	5542	480		PRDM5:GHTS:0	1	Unique	1	PRDM5:cluster_1_node_3_3motifs	Duplicate
0	cluster_6	cluster_6	0.81706	0.8170569774	0.811329948	0.8089978227	Origin	Origin	1	results/leaderboard/train/HTS/RORB/RORB_R0_C4_lf5ACGACGCTCTTCCGATCTCA_rf3GCCTTTAGATCGGAAGAGCA/optimized_matrices/clust-trimmed-matrices_train-vs-rand/RORB_HTS_RORB_R0_C4_lf5ACGACGCTCTTCCGATCTCA_rf3GCCTTTAGATCGGAAGAGCA_clust-trimmed-matrices_train-vs-rand_gen0-20_score_table.tsv	results/leaderboard/train/HTS/RORB/RORB_R0_C4_lf5ACGACGCTCTTCCGATCTCA_rf3GCCTTTAGATCGGAAGAGCA/optimized_matrices/clust-trimmed-matrices_train-vs-rand/RORB_HTS_RORB_R0_C4_lf5ACGACGCTCTTCCGATCTCA_rf3GCCTTTAGATCGGAAGAGCA_clust-trimmed-matrices_train-vs-rand_gen0_scored.tf	results	leaderboard	train	HTS	RORB	RORB_R0_C4_lf5ACGACGCTCTTCCGATCTCA_rf3GCCTTTAGATCGGAAGAGCA	optimized_matrices	clust-trimmed-matrices_train-vs-rand	RORB_HTS_RORB_R0_C4_lf5ACGACGCTCTTCCGATCTCA_rf3GCCTTTAGATCGGAAGAGCA_clust-trimmed-matrices_train-vs-rand_gen0-20_score_table.tsv	RORB:HTS	326	6124	594		RORB:HTS:0	1	Unique	1	RORB:cluster_6	Duplicate
0	cluster_10	cluster_10	0.81312	0.8130724288	0.8336791874	0.8322185969	Origin	Origin	1	results/leaderboard/train/CHS/PRDM5/THC_0307.Rep-DIANA_0293/optimized_matrices/clust-trimmed-matrices_train-vs-rand/PRDM5_CHS_THC_0307.Rep-DIANA_0293_clust-trimmed-matrices_train-vs-rand_gen0-20_score_table.tsv	results/leaderboard/train/CHS/PRDM5/THC_0307.Rep-DIANA_0293/optimized_matrices/clust-trimmed-matrices_train-vs-rand/PRDM5_CHS_THC_0307.Rep-DIANA_0293_clust-trimmed-matrices_train-vs-rand_gen0_scored.tf	results	leaderboard	train	CHS	PRDM5	THC_0307.Rep-DIANA_0293	optimized_matrices	clust-trimmed-matrices_train-vs-rand	PRDM5_CHS_THC_0307.Rep-DIANA_0293_clust-trimmed-matrices_train-vs-rand_gen0-20_score_table.tsv	PRDM5:CHS	108	6261	616		PRDM5:CHS:0	1	Unique	1	PRDM5:cluster_10	Duplicate
0	cluster_3	cluster_3	0.78354	0.7835688868	0.7754161684	0.774053941	Origin	Origin	1	results/leaderboard/train/HTS/LEF1/LEF1_R0_C4_lf5ACGACGCTCTTCCGATCTAT_rf3AGCCTCAGATCGGAAGAGCA/optimized_matrices/clust-trimmed-matrices_train-vs-rand/LEF1_HTS_LEF1_R0_C4_lf5ACGACGCTCTTCCGATCTAT_rf3AGCCTCAGATCGGAAGAGCA_clust-trimmed-matrices_train-vs-rand_gen0-20_score_table.tsv	results/leaderboard/train/HTS/LEF1/LEF1_R0_C4_lf5ACGACGCTCTTCCGATCTAT_rf3AGCCTCAGATCGGAAGAGCA/optimized_matrices/clust-trimmed-matrices_train-vs-rand/LEF1_HTS_LEF1_R0_C4_lf5ACGACGCTCTTCCGATCTAT_rf3AGCCTCAGATCGGAAGAGCA_clust-trimmed-matrices_train-vs-rand_gen0_scored.tf	results	leaderboard	train	HTS	LEF1	LEF1_R0_C4_lf5ACGACGCTCTTCCGATCTAT_rf3AGCCTCAGATCGGAAGAGCA	optimized_matrices	clust-trimmed-matrices_train-vs-rand	LEF1_HTS_LEF1_R0_C4_lf5ACGACGCTCTTCCGATCTAT_rf3AGCCTCAGATCGGAAGAGCA_clust-trimmed-matrices_train-vs-rand_gen0-20_score_table.tsv	LEF1:HTS	279	6979	384		LEF1:HTS:0	1	Unique	1	LEF1:cluster_3	Duplicate
0	oligos_6-7nt_m3	oligos_6-7nt_m3	0.69983	0.6981260857	0.06866235063	0.06773993941	Origin	Origin	1	results/leaderboard/train/PBM/NACC2/QNZS_PBM13725/optimized_matrices/peakmo-diff-matrices_top0500-vs-bg35000_tf-vs-others/NACC2_PBM_QNZS_PBM13725_peakmo-diff-matrices_top0500-vs-bg35000_tf-vs-others_gen0-20_score_table.tsv	results/leaderboard/train/PBM/NACC2/QNZS_PBM13725/optimized_matrices/peakmo-diff-matrices_top0500-vs-bg35000_tf-vs-others/NACC2_PBM_QNZS_PBM13725_peakmo-diff-matrices_top0500-vs-bg35000_tf-vs-others_gen0_scored.tf	results	leaderboard	train	PBM	NACC2	QNZS_PBM13725	optimized_matrices	peakmo-diff-matrices_top0500-vs-bg35000_tf-vs-others	NACC2_PBM_QNZS_PBM13725_peakmo-diff-matrices_top0500-vs-bg35000_tf-vs-others_gen0-20_score_table.tsv	NACC2:PBM	142	8779	772		NACC2:PBM:0	1	Unique	1	NACC2:oligos_6-7nt_m3	Duplicate
0	cluster_2_node_2_2motifs	cluster_2_node_2_2motifs	0.66226	0.6622571077	0.6256868807	0.6252922788	Origin	Origin	1	results/leaderboard/train/SMS/TIGD3/UT380-225/optimized_matrices/clust-trimmed-matrices_train-vs-rand/TIGD3_SMS_UT380-225_clust-trimmed-matrices_train-vs-rand_gen0-20_score_table.tsv	results/leaderboard/train/SMS/TIGD3/UT380-225/optimized_matrices/clust-trimmed-matrices_train-vs-rand/TIGD3_SMS_UT380-225_clust-trimmed-matrices_train-vs-rand_gen0_scored.tf	results	leaderboard	train	SMS	TIGD3	UT380-225	optimized_matrices	clust-trimmed-matrices_train-vs-rand	TIGD3_SMS_UT380-225_clust-trimmed-matrices_train-vs-rand_gen0-20_score_table.tsv	TIGD3:SMS	101	9359	728		TIGD3:SMS:0	1	Unique	1	TIGD3:cluster_2_node_2_2motifs	Duplicate
0	cluster_5	cluster_5	0.66074	0.6595941592	0.009472539127	0.008168471083	Origin	Origin	1	results/leaderboard/train/CHS/SP140/THC_0193/optimized_matrices/clust-trimmed-matrices_tf-vs-others/SP140_CHS_THC_0193_clust-trimmed-matrices_tf-vs-others_gen0-20_score_table.tsv	results/leaderboard/train/CHS/SP140/THC_0193/optimized_matrices/clust-trimmed-matrices_tf-vs-others/SP140_CHS_THC_0193_clust-trimmed-matrices_tf-vs-others_gen0_scored.tf	results	leaderboard	train	CHS	SP140	THC_0193	optimized_matrices	clust-trimmed-matrices_tf-vs-others	SP140_CHS_THC_0193_clust-trimmed-matrices_tf-vs-others_gen0-20_score_table.tsv	SP140:CHS	199	9384	829		SP140:CHS:0	1	Unique	1	SP140:cluster_5	Duplicate
0	cluster_4	cluster_4	0.59473	0.5947118158	0.597259397	0.5948168847	Origin	Origin	1	results/leaderboard/train/SMS/NACC2/UT380-127-3/optimized_matrices/clust-trimmed-matrices_train-vs-rand/NACC2_SMS_UT380-127-3_clust-trimmed-matrices_train-vs-rand_gen0-20_score_table.tsv	results/leaderboard/train/SMS/NACC2/UT380-127-3/optimized_matrices/clust-trimmed-matrices_train-vs-rand/NACC2_SMS_UT380-127-3_clust-trimmed-matrices_train-vs-rand_gen0_scored.tf	results	leaderboard	train	SMS	NACC2	UT380-127-3	optimized_matrices	clust-trimmed-matrices_train-vs-rand	NACC2_SMS_UT380-127-3_clust-trimmed-matrices_train-vs-rand_gen0-20_score_table.tsv	NACC2:SMS	101	9714	976		NACC2:SMS:0	1	Unique	1	NACC2:cluster_4	Duplicate
0	cluster_4	cluster_4	0.59278	0.5927815379	0.6177252504	0.6164961689	Origin	Origin	1	results/leaderboard/train/SMS/NFKB1/SRR3405069/optimized_matrices/clust-trimmed-matrices_train-vs-rand/NFKB1_SMS_SRR3405069_clust-trimmed-matrices_train-vs-rand_gen0-20_score_table.tsv	results/leaderboard/train/SMS/NFKB1/SRR3405069/optimized_matrices/clust-trimmed-matrices_train-vs-rand/NFKB1_SMS_SRR3405069_clust-trimmed-matrices_train-vs-rand_gen0_scored.tf	results	leaderboard	train	SMS	NFKB1	SRR3405069	optimized_matrices	clust-trimmed-matrices_train-vs-rand	NFKB1_SMS_SRR3405069_clust-trimmed-matrices_train-vs-rand_gen0-20_score_table.tsv	NFKB1:SMS	98	9722	518		NFKB1:SMS:0	1	Unique	1	NFKB1:cluster_4	Duplicate
0	cluster_4	cluster_4	0.58042	0.5804078944	0.5856518198	0.5813188386	Origin	Origin	1	results/leaderboard/train/SMS/RORB/SRR3405080/optimized_matrices/clust-trimmed-matrices_train-vs-rand/RORB_SMS_SRR3405080_clust-trimmed-matrices_train-vs-rand_gen0-20_score_table.tsv	results/leaderboard/train/SMS/RORB/SRR3405080/optimized_matrices/clust-trimmed-matrices_train-vs-rand/RORB_SMS_SRR3405080_clust-trimmed-matrices_train-vs-rand_gen0_scored.tf	results	leaderboard	train	SMS	RORB	SRR3405080	optimized_matrices	clust-trimmed-matrices_train-vs-rand	RORB_SMS_SRR3405080_clust-trimmed-matrices_train-vs-rand_gen0-20_score_table.tsv	RORB:SMS	101	9761	731		RORB:SMS:0	1	Unique	1	RORB:cluster_4	Duplicate
0	cluster_1_node_1_2motifs	cluster_1_node_1_2motifs	0.54024	0.5402335121	0.5408869895	0.5406557967	Origin	Origin	1	results/leaderboard/train/SMS/LEF1/SRR3405063/optimized_matrices/clust-trimmed-matrices_train-vs-rand/LEF1_SMS_SRR3405063_clust-trimmed-matrices_train-vs-rand_gen0-20_score_table.tsv	results/leaderboard/train/SMS/LEF1/SRR3405063/optimized_matrices/clust-trimmed-matrices_train-vs-rand/LEF1_SMS_SRR3405063_clust-trimmed-matrices_train-vs-rand_gen0_scored.tf	results	leaderboard	train	SMS	LEF1	SRR3405063	optimized_matrices	clust-trimmed-matrices_train-vs-rand	LEF1_SMS_SRR3405063_clust-trimmed-matrices_train-vs-rand_gen0-20_score_table.tsv	LEF1:SMS	101	9878	625		LEF1:SMS:0	1	Unique	1	LEF1:cluster_1_node_1_2motifs	Duplicate