20	cluster_1_node_4_5motifs_G20_M5_C1	cluster_1_node_4_5motifs_G20_M5_C1	0.99938	0.9993856196	0.9994655299	0.9994644867	cluster_1_node_4_5motifs_G19_M4_C9	cluster_1_node_4_5motifs_G19_M4_C9	1	results/leaderboard/train/HTS/NFKB1/NFKB1_R0_C4_lf5ACGACGCTCTTCCGATCTAC_rf3GCTGCTAGATCGGAAGAGCA/optimized_matrices/clust-trimmed-matrices_train-vs-rand/NFKB1_HTS_NFKB1_R0_C4_lf5ACGACGCTCTTCCGATCTAC_rf3GCTGCTAGATCGGAAGAGCA_clust-trimmed-matrices_train-vs-rand_gen0-20_score_table.tsv	results/leaderboard/train/HTS/NFKB1/NFKB1_R0_C4_lf5ACGACGCTCTTCCGATCTAC_rf3GCTGCTAGATCGGAAGAGCA/optimized_matrices/clust-trimmed-matrices_train-vs-rand/NFKB1_HTS_NFKB1_R0_C4_lf5ACGACGCTCTTCCGATCTAC_rf3GCTGCTAGATCGGAAGAGCA_clust-trimmed-matrices_train-vs-rand_gen20_scored.tf	results	leaderboard	train	HTS	NFKB1	NFKB1_R0_C4_lf5ACGACGCTCTTCCGATCTAC_rf3GCTGCTAGATCGGAAGAGCA	optimized_matrices	clust-trimmed-matrices_train-vs-rand	NFKB1_HTS_NFKB1_R0_C4_lf5ACGACGCTCTTCCGATCTAC_rf3GCTGCTAGATCGGAAGAGCA_clust-trimmed-matrices_train-vs-rand_gen0-20_score_table.tsv	NFKB1:HTS	1	1	1	1
20	cluster_1_G20_M3_C9	cluster_1_G20_M3_C9	0.99757	0.9975702085	0.9981757538	0.9981605022	cluster_1_G19_M4_C6	cluster_1_G19_M4_C6	1	results/leaderboard/train/HTS/NACC2/NACC2_R1_C4_lf5ACGACGCTCTTCCGATCTGA_rf3GGTCATAGATCGGAAGAGCA/optimized_matrices/clust-trimmed-matrices_train-vs-rand/NACC2_HTS_NACC2_R1_C4_lf5ACGACGCTCTTCCGATCTGA_rf3GGTCATAGATCGGAAGAGCA_clust-trimmed-matrices_train-vs-rand_gen0-20_score_table.tsv	results/leaderboard/train/HTS/NACC2/NACC2_R1_C4_lf5ACGACGCTCTTCCGATCTGA_rf3GGTCATAGATCGGAAGAGCA/optimized_matrices/clust-trimmed-matrices_train-vs-rand/NACC2_HTS_NACC2_R1_C4_lf5ACGACGCTCTTCCGATCTGA_rf3GGTCATAGATCGGAAGAGCA_clust-trimmed-matrices_train-vs-rand_gen20_scored.tf	results	leaderboard	train	HTS	NACC2	NACC2_R1_C4_lf5ACGACGCTCTTCCGATCTGA_rf3GGTCATAGATCGGAAGAGCA	optimized_matrices	clust-trimmed-matrices_train-vs-rand	NACC2_HTS_NACC2_R1_C4_lf5ACGACGCTCTTCCGATCTGA_rf3GGTCATAGATCGGAAGAGCA_clust-trimmed-matrices_train-vs-rand_gen0-20_score_table.tsv	NACC2:HTS	194	1	1	1
20	dyads_m1_G20_M5_C9	dyads_m1_G20_M5_C9	0.99419	0.9941311986	0.9327453313	0.9352452861	dyads_m1_G19_M4_C8	dyads_m1_G19_M4_C8	1	results/leaderboard/train/GHTS/ZNF362/YWK_D_AffSeq_E5_ZNF362.C2/optimized_matrices/peakmo-matrices_tf-vs-others/ZNF362_GHTS_YWK_D_AffSeq_E5_ZNF362.C2_peakmo-matrices_tf-vs-others_gen0-20_score_table.tsv	results/leaderboard/train/GHTS/ZNF362/YWK_D_AffSeq_E5_ZNF362.C2/optimized_matrices/peakmo-matrices_tf-vs-others/ZNF362_GHTS_YWK_D_AffSeq_E5_ZNF362.C2_peakmo-matrices_tf-vs-others_gen20_scored.tf	results	leaderboard	train	GHTS	ZNF362	YWK_D_AffSeq_E5_ZNF362.C2	optimized_matrices	peakmo-matrices_tf-vs-others	ZNF362_GHTS_YWK_D_AffSeq_E5_ZNF362.C2_peakmo-matrices_tf-vs-others_gen0-20_score_table.tsv	ZNF362:GHTS	286	1	1	1
20	cluster_1_G19_M4_C9	cluster_1_G19_M4_C9	0.99296	0.9928968083	0.9913344874	0.9911246479	cluster_1_G18_M5_C6	cluster_1_G18_M5_C6	1	results/leaderboard/train/GHTS/GABPA/YWE_B_AffSeq_C12_GABPA.C2/optimized_matrices/clust-trimmed-matrices_train-vs-rand/GABPA_GHTS_YWE_B_AffSeq_C12_GABPA.C2_clust-trimmed-matrices_train-vs-rand_gen0-20_score_table.tsv	results/leaderboard/train/GHTS/GABPA/YWE_B_AffSeq_C12_GABPA.C2/optimized_matrices/clust-trimmed-matrices_train-vs-rand/GABPA_GHTS_YWE_B_AffSeq_C12_GABPA.C2_clust-trimmed-matrices_train-vs-rand_gen20_scored.tf	results	leaderboard	train	GHTS	GABPA	YWE_B_AffSeq_C12_GABPA.C2	optimized_matrices	clust-trimmed-matrices_train-vs-rand	GABPA_GHTS_YWE_B_AffSeq_C12_GABPA.C2_clust-trimmed-matrices_train-vs-rand_gen0-20_score_table.tsv	GABPA:GHTS	316	1	1	1
20	cluster_3_G20_M1_C4	cluster_3_G20_M1_C4	0.98723	0.9872343772	0.9895030775	0.9893689241	cluster_3_G19_M2_C2	cluster_3_G19_M2_C2	1	results/leaderboard/train/HTS/TIGD3/TIGD3_R0_C4_lf5ACGACGCTCTTCCGATCTGC_rf3CACTTCAGATCGGAAGAGCA/optimized_matrices/clust-trimmed-matrices_train-vs-rand/TIGD3_HTS_TIGD3_R0_C4_lf5ACGACGCTCTTCCGATCTGC_rf3CACTTCAGATCGGAAGAGCA_clust-trimmed-matrices_train-vs-rand_gen0-20_score_table.tsv	results/leaderboard/train/HTS/TIGD3/TIGD3_R0_C4_lf5ACGACGCTCTTCCGATCTGC_rf3CACTTCAGATCGGAAGAGCA/optimized_matrices/clust-trimmed-matrices_train-vs-rand/TIGD3_HTS_TIGD3_R0_C4_lf5ACGACGCTCTTCCGATCTGC_rf3CACTTCAGATCGGAAGAGCA_clust-trimmed-matrices_train-vs-rand_gen20_scored.tf	results	leaderboard	train	HTS	TIGD3	TIGD3_R0_C4_lf5ACGACGCTCTTCCGATCTGC_rf3CACTTCAGATCGGAAGAGCA	optimized_matrices	clust-trimmed-matrices_train-vs-rand	TIGD3_HTS_TIGD3_R0_C4_lf5ACGACGCTCTTCCGATCTGC_rf3CACTTCAGATCGGAAGAGCA_clust-trimmed-matrices_train-vs-rand_gen0-20_score_table.tsv	TIGD3:HTS	519	1	1	1
20	cluster_2_G20_M5_C9	cluster_2_G20_M5_C9	0.96308	0.9628559985	0.958872891	0.9583825004	cluster_2_G19_M4_C7	cluster_2_G19_M4_C7	1	results/leaderboard/train/GHTS/SP140/YWQ_B_AffSeq_G2_SP140-DBD.C3/optimized_matrices/clust-trimmed-matrices_train-vs-rand/SP140_GHTS_YWQ_B_AffSeq_G2_SP140-DBD.C3_clust-trimmed-matrices_train-vs-rand_gen0-20_score_table.tsv	results/leaderboard/train/GHTS/SP140/YWQ_B_AffSeq_G2_SP140-DBD.C3/optimized_matrices/clust-trimmed-matrices_train-vs-rand/SP140_GHTS_YWQ_B_AffSeq_G2_SP140-DBD.C3_clust-trimmed-matrices_train-vs-rand_gen20_scored.tf	results	leaderboard	train	GHTS	SP140	YWQ_B_AffSeq_G2_SP140-DBD.C3	optimized_matrices	clust-trimmed-matrices_train-vs-rand	SP140_GHTS_YWQ_B_AffSeq_G2_SP140-DBD.C3_clust-trimmed-matrices_train-vs-rand_gen0-20_score_table.tsv	SP140:GHTS	1261	1	1	1
20	cluster_1_node_3_3motifs_G20_M3_C2	cluster_1_node_3_3motifs_G20_M3_C2	0.95880	0.9579583864	0.9527839962	0.9563219112	cluster_1_node_3_3motifs_G19_M2_C6	cluster_1_node_3_3motifs_G19_M2_C6	1	results/leaderboard/train/GHTS/PRDM5/YWQ_B_AffSeq_F7_PRDM5-FL.C1/optimized_matrices/clust-trimmed-matrices_train-vs-rand/PRDM5_GHTS_YWQ_B_AffSeq_F7_PRDM5-FL.C1_clust-trimmed-matrices_train-vs-rand_gen0-20_score_table.tsv	results/leaderboard/train/GHTS/PRDM5/YWQ_B_AffSeq_F7_PRDM5-FL.C1/optimized_matrices/clust-trimmed-matrices_train-vs-rand/PRDM5_GHTS_YWQ_B_AffSeq_F7_PRDM5-FL.C1_clust-trimmed-matrices_train-vs-rand_gen20_scored.tf	results	leaderboard	train	GHTS	PRDM5	YWQ_B_AffSeq_F7_PRDM5-FL.C1	optimized_matrices	clust-trimmed-matrices_train-vs-rand	PRDM5_GHTS_YWQ_B_AffSeq_F7_PRDM5-FL.C1_clust-trimmed-matrices_train-vs-rand_gen0-20_score_table.tsv	PRDM5:GHTS	1400	1	1	1
20	cluster_1_G20_M1_C5	cluster_1_G20_M1_C5	0.95345	0.9526417719	0.9601727728	0.9614504795	cluster_1_G19_M1_C1	cluster_1_G19_M1_C1	1	results/leaderboard/train/GHTS/ZNF407/YWL_B_AffSeq_A11_ZNF407.C3/optimized_matrices/clust-trimmed-matrices_train-vs-rand/ZNF407_GHTS_YWL_B_AffSeq_A11_ZNF407.C3_clust-trimmed-matrices_train-vs-rand_gen0-20_score_table.tsv	results/leaderboard/train/GHTS/ZNF407/YWL_B_AffSeq_A11_ZNF407.C3/optimized_matrices/clust-trimmed-matrices_train-vs-rand/ZNF407_GHTS_YWL_B_AffSeq_A11_ZNF407.C3_clust-trimmed-matrices_train-vs-rand_gen20_scored.tf	results	leaderboard	train	GHTS	ZNF407	YWL_B_AffSeq_A11_ZNF407.C3	optimized_matrices	clust-trimmed-matrices_train-vs-rand	ZNF407_GHTS_YWL_B_AffSeq_A11_ZNF407.C3_clust-trimmed-matrices_train-vs-rand_gen0-20_score_table.tsv	ZNF407:GHTS	1650	1	1	1
20	oligos_6-7nt_m2_G20_M2_C1	oligos_6-7nt_m2_G20_M2_C1	0.92666	0.9256772857	0.5782557014	0.5727341211	oligos_6-7nt_m2_G19_M3_C5	oligos_6-7nt_m2_G19_M3_C5	1	results/leaderboard/train/PBM/RORB/SD_PBM14337/optimized_matrices/peakmo-diff-matrices_top0500-vs-bg35000_tf-vs-others/RORB_PBM_SD_PBM14337_peakmo-diff-matrices_top0500-vs-bg35000_tf-vs-others_gen0-20_score_table.tsv	results/leaderboard/train/PBM/RORB/SD_PBM14337/optimized_matrices/peakmo-diff-matrices_top0500-vs-bg35000_tf-vs-others/RORB_PBM_SD_PBM14337_peakmo-diff-matrices_top0500-vs-bg35000_tf-vs-others_gen20_scored.tf	results	leaderboard	train	PBM	RORB	SD_PBM14337	optimized_matrices	peakmo-diff-matrices_top0500-vs-bg35000_tf-vs-others	RORB_PBM_SD_PBM14337_peakmo-diff-matrices_top0500-vs-bg35000_tf-vs-others_gen0-20_score_table.tsv	RORB:PBM	2368	1	1	1
20	cluster_3_G20_M3_C2	cluster_3_G20_M3_C2	0.90864	0.9086399822	0.891816477	0.8911125491	cluster_3_G19_M1_C5	cluster_3_G19_M1_C5	1	results/leaderboard/train/HTS/LEF1/LEF1_R0_C4_lf5ACGACGCTCTTCCGATCTAT_rf3AGCCTCAGATCGGAAGAGCA/optimized_matrices/clust-trimmed-matrices_train-vs-rand/LEF1_HTS_LEF1_R0_C4_lf5ACGACGCTCTTCCGATCTAT_rf3AGCCTCAGATCGGAAGAGCA_clust-trimmed-matrices_train-vs-rand_gen0-20_score_table.tsv	results/leaderboard/train/HTS/LEF1/LEF1_R0_C4_lf5ACGACGCTCTTCCGATCTAT_rf3AGCCTCAGATCGGAAGAGCA/optimized_matrices/clust-trimmed-matrices_train-vs-rand/LEF1_HTS_LEF1_R0_C4_lf5ACGACGCTCTTCCGATCTAT_rf3AGCCTCAGATCGGAAGAGCA_clust-trimmed-matrices_train-vs-rand_gen20_scored.tf	results	leaderboard	train	HTS	LEF1	LEF1_R0_C4_lf5ACGACGCTCTTCCGATCTAT_rf3AGCCTCAGATCGGAAGAGCA	optimized_matrices	clust-trimmed-matrices_train-vs-rand	LEF1_HTS_LEF1_R0_C4_lf5ACGACGCTCTTCCGATCTAT_rf3AGCCTCAGATCGGAAGAGCA_clust-trimmed-matrices_train-vs-rand_gen0-20_score_table.tsv	LEF1:HTS	2815	1	1	1
20	dyads_test_vs_ctrl_m1_G20_M1_C7	dyads_test_vs_ctrl_m1_G20_M1_C7	0.88127	0.8799424	0.442185399	0.4362458534	dyads_test_vs_ctrl_m1_G18_M4_C8	dyads_test_vs_ctrl_m1_G18_M4_C8	1	results/leaderboard/train/PBM/LEF1/QNZS_PBM14333/optimized_matrices/peakmo-diff-matrices_top0500-vs-bg35000_tf-vs-others/LEF1_PBM_QNZS_PBM14333_peakmo-diff-matrices_top0500-vs-bg35000_tf-vs-others_gen0-20_score_table.tsv	results/leaderboard/train/PBM/LEF1/QNZS_PBM14333/optimized_matrices/peakmo-diff-matrices_top0500-vs-bg35000_tf-vs-others/LEF1_PBM_QNZS_PBM14333_peakmo-diff-matrices_top0500-vs-bg35000_tf-vs-others_gen20_scored.tf	results	leaderboard	train	PBM	LEF1	QNZS_PBM14333	optimized_matrices	peakmo-diff-matrices_top0500-vs-bg35000_tf-vs-others	LEF1_PBM_QNZS_PBM14333_peakmo-diff-matrices_top0500-vs-bg35000_tf-vs-others_gen0-20_score_table.tsv	LEF1:PBM	3641	28	1	1
20	cluster_3_G20_M4_C5	cluster_3_G20_M4_C5	0.94879	0.9482700719	0.9564029413	0.9564537048	cluster_3_G19_M3_C1	cluster_3_G19_M3_C1	1	results/leaderboard/train/CHS/ZNF407/THC_0668/optimized_matrices/clust-trimmed-matrices_train-vs-rand/ZNF407_CHS_THC_0668_clust-trimmed-matrices_train-vs-rand_gen0-20_score_table.tsv	results/leaderboard/train/CHS/ZNF407/THC_0668/optimized_matrices/clust-trimmed-matrices_train-vs-rand/ZNF407_CHS_THC_0668_clust-trimmed-matrices_train-vs-rand_gen20_scored.tf	results	leaderboard	train	CHS	ZNF407	THC_0668	optimized_matrices	clust-trimmed-matrices_train-vs-rand	ZNF407_CHS_THC_0668_clust-trimmed-matrices_train-vs-rand_gen0-20_score_table.tsv	ZNF407:CHS	1792	32	1	1
20	cluster_4_G20_M4_C10	cluster_4_G20_M4_C10	0.92050	0.920496329	0.9123853699	0.9110257994	cluster_4_G19_M4_C10	cluster_4_G19_M4_C10	1	results/leaderboard/train/HTS/RORB/RORB_R0_C4_lf5ACGACGCTCTTCCGATCTCA_rf3GCCTTTAGATCGGAAGAGCA/optimized_matrices/clust-trimmed-matrices_train-vs-rand/RORB_HTS_RORB_R0_C4_lf5ACGACGCTCTTCCGATCTCA_rf3GCCTTTAGATCGGAAGAGCA_clust-trimmed-matrices_train-vs-rand_gen0-20_score_table.tsv	results/leaderboard/train/HTS/RORB/RORB_R0_C4_lf5ACGACGCTCTTCCGATCTCA_rf3GCCTTTAGATCGGAAGAGCA/optimized_matrices/clust-trimmed-matrices_train-vs-rand/RORB_HTS_RORB_R0_C4_lf5ACGACGCTCTTCCGATCTCA_rf3GCCTTTAGATCGGAAGAGCA_clust-trimmed-matrices_train-vs-rand_gen20_scored.tf	results	leaderboard	train	HTS	RORB	RORB_R0_C4_lf5ACGACGCTCTTCCGATCTCA_rf3GCCTTTAGATCGGAAGAGCA	optimized_matrices	clust-trimmed-matrices_train-vs-rand	RORB_HTS_RORB_R0_C4_lf5ACGACGCTCTTCCGATCTCA_rf3GCCTTTAGATCGGAAGAGCA_clust-trimmed-matrices_train-vs-rand_gen0-20_score_table.tsv	RORB:HTS	2499	37	1	1
19	cluster_4_G19_M1_C9	cluster_4_G19_M1_C9	0.84543	0.8454275304	0.8217568693	0.8202988884	cluster_4_G18_M2_C1	cluster_4_G18_M2_C1	1	results/leaderboard/train/SMS/NACC2/UT380-127-3/optimized_matrices/clust-trimmed-matrices_train-vs-rand/NACC2_SMS_UT380-127-3_clust-trimmed-matrices_train-vs-rand_gen0-20_score_table.tsv	results/leaderboard/train/SMS/NACC2/UT380-127-3/optimized_matrices/clust-trimmed-matrices_train-vs-rand/NACC2_SMS_UT380-127-3_clust-trimmed-matrices_train-vs-rand_gen19_scored.tf	results	leaderboard	train	SMS	NACC2	UT380-127-3	optimized_matrices	clust-trimmed-matrices_train-vs-rand	NACC2_SMS_UT380-127-3_clust-trimmed-matrices_train-vs-rand_gen0-20_score_table.tsv	NACC2:SMS	4993	251	1	1
20	dyads_test_vs_ctrl_m2_G20_M1_C2	dyads_test_vs_ctrl_m2_G20_M1_C2	0.90816	0.9072642571	0.2793426082	0.2767246102	dyads_test_vs_ctrl_m2_G18_M5_C8	dyads_test_vs_ctrl_m2_G18_M5_C8	1	results/leaderboard/train/PBM/TIGD3/QNZS_PBM13699/optimized_matrices/peakmo-diff-matrices_top0500-vs-bg35000_tf-vs-others/TIGD3_PBM_QNZS_PBM13699_peakmo-diff-matrices_top0500-vs-bg35000_tf-vs-others_gen0-20_score_table.tsv	results/leaderboard/train/PBM/TIGD3/QNZS_PBM13699/optimized_matrices/peakmo-diff-matrices_top0500-vs-bg35000_tf-vs-others/TIGD3_PBM_QNZS_PBM13699_peakmo-diff-matrices_top0500-vs-bg35000_tf-vs-others_gen20_scored.tf	results	leaderboard	train	PBM	TIGD3	QNZS_PBM13699	optimized_matrices	peakmo-diff-matrices_top0500-vs-bg35000_tf-vs-others	TIGD3_PBM_QNZS_PBM13699_peakmo-diff-matrices_top0500-vs-bg35000_tf-vs-others_gen0-20_score_table.tsv	TIGD3:PBM	2836	260	1	1
20	cluster_1_node_1_2motifs_G20_M4_C1	cluster_1_node_1_2motifs_G20_M4_C1	0.96112	0.9609144216	0.2302305579	0.226726783	cluster_1_node_1_2motifs_G19_M5_C4	cluster_1_node_1_2motifs_G19_M5_C4	1	results/leaderboard/train/CHS/GABPA/THC_0866/optimized_matrices/clust-trimmed-matrices_tf-vs-others/GABPA_CHS_THC_0866_clust-trimmed-matrices_tf-vs-others_gen0-20_score_table.tsv	results/leaderboard/train/CHS/GABPA/THC_0866/optimized_matrices/clust-trimmed-matrices_tf-vs-others/GABPA_CHS_THC_0866_clust-trimmed-matrices_tf-vs-others_gen20_scored.tf	results	leaderboard	train	CHS	GABPA	THC_0866	optimized_matrices	clust-trimmed-matrices_tf-vs-others	GABPA_CHS_THC_0866_clust-trimmed-matrices_tf-vs-others_gen0-20_score_table.tsv	GABPA:CHS	1286	289	1	1
20	cluster_10_G20_M5_C8	cluster_10_G20_M5_C8	0.84682	0.8467706701	0.8691654298	0.8679562489	cluster_10_G19_M5_C9	cluster_10_G19_M5_C9	1	results/leaderboard/train/CHS/PRDM5/THC_0307.Rep-DIANA_0293/optimized_matrices/clust-trimmed-matrices_train-vs-rand/PRDM5_CHS_THC_0307.Rep-DIANA_0293_clust-trimmed-matrices_train-vs-rand_gen0-20_score_table.tsv	results/leaderboard/train/CHS/PRDM5/THC_0307.Rep-DIANA_0293/optimized_matrices/clust-trimmed-matrices_train-vs-rand/PRDM5_CHS_THC_0307.Rep-DIANA_0293_clust-trimmed-matrices_train-vs-rand_gen20_scored.tf	results	leaderboard	train	CHS	PRDM5	THC_0307.Rep-DIANA_0293	optimized_matrices	clust-trimmed-matrices_train-vs-rand	PRDM5_CHS_THC_0307.Rep-DIANA_0293_clust-trimmed-matrices_train-vs-rand_gen0-20_score_table.tsv	PRDM5:CHS	4942	373	1	1
20	cluster_1_G20_M2_C6	cluster_1_G20_M2_C6	0.96000	0.9599853239	0.94082122	0.9408056446	cluster_1_G19_M2_C1	cluster_1_G19_M2_C1	1	results/leaderboard/train/CHS/ZNF362/THC_0364.Rep-MICHELLE_0314/optimized_matrices/clust-trimmed-matrices_train-vs-rand/ZNF362_CHS_THC_0364.Rep-MICHELLE_0314_clust-trimmed-matrices_train-vs-rand_gen0-20_score_table.tsv	results/leaderboard/train/CHS/ZNF362/THC_0364.Rep-MICHELLE_0314/optimized_matrices/clust-trimmed-matrices_train-vs-rand/ZNF362_CHS_THC_0364.Rep-MICHELLE_0314_clust-trimmed-matrices_train-vs-rand_gen20_scored.tf	results	leaderboard	train	CHS	ZNF362	THC_0364.Rep-MICHELLE_0314	optimized_matrices	clust-trimmed-matrices_train-vs-rand	ZNF362_CHS_THC_0364.Rep-MICHELLE_0314_clust-trimmed-matrices_train-vs-rand_gen0-20_score_table.tsv	ZNF362:CHS	1331	409	1	1
20	cluster_4_G20_M4_C5	cluster_4_G20_M4_C5	0.73087	0.7309102144	0.7237531697	0.7227035921	cluster_4_G19_M2_C5	cluster_4_G19_M2_C5	1	results/leaderboard/train/SMS/NFKB1/SRR3405069/optimized_matrices/clust-trimmed-matrices_train-vs-rand/NFKB1_SMS_SRR3405069_clust-trimmed-matrices_train-vs-rand_gen0-20_score_table.tsv	results/leaderboard/train/SMS/NFKB1/SRR3405069/optimized_matrices/clust-trimmed-matrices_train-vs-rand/NFKB1_SMS_SRR3405069_clust-trimmed-matrices_train-vs-rand_gen20_scored.tf	results	leaderboard	train	SMS	NFKB1	SRR3405069	optimized_matrices	clust-trimmed-matrices_train-vs-rand	NFKB1_SMS_SRR3405069_clust-trimmed-matrices_train-vs-rand_gen0-20_score_table.tsv	NFKB1:SMS	8054	421	1	1
20	cluster_4_G20_M1_C8	cluster_4_G20_M1_C8	0.83007	0.8300541416	0.8162526664	0.8136630737	cluster_4_G19_M1_C10	cluster_4_G19_M1_C10	1	results/leaderboard/train/SMS/RORB/SRR3405080/optimized_matrices/clust-trimmed-matrices_train-vs-rand/RORB_SMS_SRR3405080_clust-trimmed-matrices_train-vs-rand_gen0-20_score_table.tsv	results/leaderboard/train/SMS/RORB/SRR3405080/optimized_matrices/clust-trimmed-matrices_train-vs-rand/RORB_SMS_SRR3405080_clust-trimmed-matrices_train-vs-rand_gen20_scored.tf	results	leaderboard	train	SMS	RORB	SRR3405080	optimized_matrices	clust-trimmed-matrices_train-vs-rand	RORB_SMS_SRR3405080_clust-trimmed-matrices_train-vs-rand_gen0-20_score_table.tsv	RORB:SMS	5673	476	1	1
20	cluster_1_node_2_2motifs_G20_M5_C2	cluster_1_node_2_2motifs_G20_M5_C2	0.70013	0.7001180484	0.6873841041	0.6865514611	cluster_1_node_2_2motifs_G19_M5_C7	cluster_1_node_2_2motifs_G19_M5_C7	1	results/leaderboard/train/SMS/LEF1/SRR3405063/optimized_matrices/clust-trimmed-matrices_train-vs-rand/LEF1_SMS_SRR3405063_clust-trimmed-matrices_train-vs-rand_gen0-20_score_table.tsv	results/leaderboard/train/SMS/LEF1/SRR3405063/optimized_matrices/clust-trimmed-matrices_train-vs-rand/LEF1_SMS_SRR3405063_clust-trimmed-matrices_train-vs-rand_gen20_scored.tf	results	leaderboard	train	SMS	LEF1	SRR3405063	optimized_matrices	clust-trimmed-matrices_train-vs-rand	LEF1_SMS_SRR3405063_clust-trimmed-matrices_train-vs-rand_gen0-20_score_table.tsv	LEF1:SMS	8766	522	1	1
20	oligos_6-7nt_m3_G20_M5_C2	oligos_6-7nt_m3_G20_M5_C2	0.76156	0.7597718857	0.06987802812	0.06914105065	oligos_6-7nt_m3_G19_M1_C7	oligos_6-7nt_m3_G19_M1_C7	1	results/leaderboard/train/PBM/NACC2/QNZS_PBM13725/optimized_matrices/peakmo-diff-matrices_top0500-vs-bg35000_tf-vs-others/NACC2_PBM_QNZS_PBM13725_peakmo-diff-matrices_top0500-vs-bg35000_tf-vs-others_gen0-20_score_table.tsv	results/leaderboard/train/PBM/NACC2/QNZS_PBM13725/optimized_matrices/peakmo-diff-matrices_top0500-vs-bg35000_tf-vs-others/NACC2_PBM_QNZS_PBM13725_peakmo-diff-matrices_top0500-vs-bg35000_tf-vs-others_gen20_scored.tf	results	leaderboard	train	PBM	NACC2	QNZS_PBM13725	optimized_matrices	peakmo-diff-matrices_top0500-vs-bg35000_tf-vs-others	NACC2_PBM_QNZS_PBM13725_peakmo-diff-matrices_top0500-vs-bg35000_tf-vs-others_gen0-20_score_table.tsv	NACC2:PBM	7401	566	1	1
20	cluster_2_node_2_2motifs_G20_M5_C2	cluster_2_node_2_2motifs_G20_M5_C2	0.77476	0.7747796899	0.7476557846	0.7468715334	cluster_2_node_2_2motifs_G19_M5_C9	cluster_2_node_2_2motifs_G19_M5_C9	1	results/leaderboard/train/SMS/TIGD3/UT380-225/optimized_matrices/clust-trimmed-matrices_train-vs-rand/TIGD3_SMS_UT380-225_clust-trimmed-matrices_train-vs-rand_gen0-20_score_table.tsv	results/leaderboard/train/SMS/TIGD3/UT380-225/optimized_matrices/clust-trimmed-matrices_train-vs-rand/TIGD3_SMS_UT380-225_clust-trimmed-matrices_train-vs-rand_gen20_scored.tf	results	leaderboard	train	SMS	TIGD3	UT380-225	optimized_matrices	clust-trimmed-matrices_train-vs-rand	TIGD3_SMS_UT380-225_clust-trimmed-matrices_train-vs-rand_gen0-20_score_table.tsv	TIGD3:SMS	7152	596	1	1
20	positions_6nt_m2_G20_M3_C7	positions_6nt_m2_G20_M3_C7	0.74190	0.740852198	0.03955489817	0.03198451025	positions_6nt_m2_G19_M1_C2	positions_6nt_m2_G19_M1_C2	1	results/leaderboard/train/CHS/SP140/THC_0193/optimized_matrices/peakmo-matrices_tf-vs-others/SP140_CHS_THC_0193_peakmo-matrices_tf-vs-others_gen0-20_score_table.tsv	results/leaderboard/train/CHS/SP140/THC_0193/optimized_matrices/peakmo-matrices_tf-vs-others/SP140_CHS_THC_0193_peakmo-matrices_tf-vs-others_gen20_scored.tf	results	leaderboard	train	CHS	SP140	THC_0193	optimized_matrices	peakmo-matrices_tf-vs-others	SP140_CHS_THC_0193_peakmo-matrices_tf-vs-others_gen0-20_score_table.tsv	SP140:CHS	7822	600	1	1
