CAMTA1	THC_0249	1117	CHS	final	fasta	data/final/train/CHS/CAMTA1/THC_0249.fasta
CAMTA1	YWK_B_AffSeq_G3_CAMTA1.C4	1100	GHTS	final	fasta	data/final/train/GHTS/CAMTA1/YWK_B_AffSeq_G3_CAMTA1.C4.fasta
CAMTA1	YWK_D_AffSeq_G3_CAMTA1.C4	754	GHTS	final	fasta	data/final/train/GHTS/CAMTA1/YWK_D_AffSeq_G3_CAMTA1.C4.fasta
CREB3L3	CREB3L3_R0_C1_lf5ACGACGCTCTTCCGATCTGA_rf3GGTCATAGATCGGAAGAGCA	3884	HTS	final	fastq	data/final/train/HTS/CREB3L3/CREB3L3_R0_C1_lf5ACGACGCTCTTCCGATCTGA_rf3GGTCATAGATCGGAAGAGCA.fasta
CREB3L3	CREB3L3_R0_C2_lf5ACGACGCTCTTCCGATCTGA_rf3GGTCATAGATCGGAAGAGCA	4	HTS	final	fastq	data/final/train/HTS/CREB3L3/CREB3L3_R0_C2_lf5ACGACGCTCTTCCGATCTGA_rf3GGTCATAGATCGGAAGAGCA.fasta
CREB3L3	CREB3L3_R0_C3_lf5ACGACGCTCTTCCGATCTGA_rf3GGTCATAGATCGGAAGAGCA	7672	HTS	final	fastq	data/final/train/HTS/CREB3L3/CREB3L3_R0_C3_lf5ACGACGCTCTTCCGATCTGA_rf3GGTCATAGATCGGAAGAGCA.fasta
CREB3L3	CREB3L3_R1_C1_lf5ACGACGCTCTTCCGATCTGG_rf3GGTTTAAGATCGGAAGAGCA	3012	HTS	final	fastq	data/final/train/HTS/CREB3L3/CREB3L3_R1_C1_lf5ACGACGCTCTTCCGATCTGG_rf3GGTTTAAGATCGGAAGAGCA.fasta
CREB3L3	CREB3L3_R1_C2_lf5ACGACGCTCTTCCGATCTGG_rf3GGTTTAAGATCGGAAGAGCA	4800	HTS	final	fastq	data/final/train/HTS/CREB3L3/CREB3L3_R1_C2_lf5ACGACGCTCTTCCGATCTGG_rf3GGTTTAAGATCGGAAGAGCA.fasta
CREB3L3	CREB3L3_R1_C3_lf5ACGACGCTCTTCCGATCTGG_rf3GGTTTAAGATCGGAAGAGCA	4296	HTS	final	fastq	data/final/train/HTS/CREB3L3/CREB3L3_R1_C3_lf5ACGACGCTCTTCCGATCTGG_rf3GGTTTAAGATCGGAAGAGCA.fasta
CREB3L3	CREB3L3_R1_C4_lf5ACGACGCTCTTCCGATCTGG_rf3GGTTTAAGATCGGAAGAGCA	6436	HTS	final	fastq	data/final/train/HTS/CREB3L3/CREB3L3_R1_C4_lf5ACGACGCTCTTCCGATCTGG_rf3GGTTTAAGATCGGAAGAGCA.fasta
CREB3L3	UT380-042	36424	SMS	final	fastq	data/final/train/SMS/CREB3L3/UT380-042.fasta
FIZ1	FIZ1_R0_C1_lf5ACGACGCTCTTCCGATCTTC_rf3GCGATTAGATCGGAAGAGCA	6784	HTS	final	fastq	data/final/train/HTS/FIZ1/FIZ1_R0_C1_lf5ACGACGCTCTTCCGATCTTC_rf3GCGATTAGATCGGAAGAGCA.fasta
FIZ1	FIZ1_R0_C2_lf5ACGACGCTCTTCCGATCTTC_rf3GCGATTAGATCGGAAGAGCA	6032	HTS	final	fastq	data/final/train/HTS/FIZ1/FIZ1_R0_C2_lf5ACGACGCTCTTCCGATCTTC_rf3GCGATTAGATCGGAAGAGCA.fasta
FIZ1	FIZ1_R0_C3_lf5ACGACGCTCTTCCGATCTTC_rf3GCGATTAGATCGGAAGAGCA	6144	HTS	final	fastq	data/final/train/HTS/FIZ1/FIZ1_R0_C3_lf5ACGACGCTCTTCCGATCTTC_rf3GCGATTAGATCGGAAGAGCA.fasta
FIZ1	FIZ1_R0_C4_lf5ACGACGCTCTTCCGATCTTC_rf3GCGATTAGATCGGAAGAGCA	6616	HTS	final	fastq	data/final/train/HTS/FIZ1/FIZ1_R0_C4_lf5ACGACGCTCTTCCGATCTTC_rf3GCGATTAGATCGGAAGAGCA.fasta
FIZ1	UT380-070-2	1768	SMS	final	fastq	data/final/train/SMS/FIZ1/UT380-070-2.fasta
GCM1	GCM1_R0_C1_lf5ACGACGCTCTTCCGATCTTC_rf3TAAGTGAGATCGGAAGAGCA	3072	HTS	final	fastq	data/final/train/HTS/GCM1/GCM1_R0_C1_lf5ACGACGCTCTTCCGATCTTC_rf3TAAGTGAGATCGGAAGAGCA.fasta
GCM1	GCM1_R0_C2_lf5ACGACGCTCTTCCGATCTTC_rf3TAAGTGAGATCGGAAGAGCA	6624	HTS	final	fastq	data/final/train/HTS/GCM1/GCM1_R0_C2_lf5ACGACGCTCTTCCGATCTTC_rf3TAAGTGAGATCGGAAGAGCA.fasta
GCM1	GCM1_R0_C3_lf5ACGACGCTCTTCCGATCTTC_rf3TAAGTGAGATCGGAAGAGCA	3748	HTS	final	fastq	data/final/train/HTS/GCM1/GCM1_R0_C3_lf5ACGACGCTCTTCCGATCTTC_rf3TAAGTGAGATCGGAAGAGCA.fasta
GCM1	GCM1_R0_C4_lf5ACGACGCTCTTCCGATCTTC_rf3TAAGTGAGATCGGAAGAGCA	6820	HTS	final	fastq	data/final/train/HTS/GCM1/GCM1_R0_C4_lf5ACGACGCTCTTCCGATCTTC_rf3TAAGTGAGATCGGAAGAGCA.fasta
GCM1	QNZS_PBM14343	4672	PBM	final	pbm	data/final/train/PBM/GCM1/QNZS_PBM14343_top0500.fasta
GCM1	SD_PBM14343	4836	PBM	final	pbm	data/final/train/PBM/GCM1/SD_PBM14343_top0500.fasta
GCM1	SRR3405056	67116	SMS	final	fastq	data/final/train/SMS/GCM1/SRR3405056.fasta
LEUTX	THC_0312.Rep-DIANA_0293	430	CHS	final	fasta	data/final/train/CHS/LEUTX/THC_0312.Rep-DIANA_0293.fasta
LEUTX	THC_0312.Rep-MICHELLE_0314	1262	CHS	final	fasta	data/final/train/CHS/LEUTX/THC_0312.Rep-MICHELLE_0314.fasta
LEUTX	THC_0455.Rep-DIANA_0293	714	CHS	final	fasta	data/final/train/CHS/LEUTX/THC_0455.Rep-DIANA_0293.fasta
LEUTX	YWK_D_AffSeq_B7_LEUTX.C4	3030	GHTS	final	fasta	data/final/train/GHTS/LEUTX/YWK_D_AffSeq_B7_LEUTX.C4.fasta
LEUTX	YWP_B_AffSeq_H3_LEUTX-FL.C2	1420	GHTS	final	fasta	data/final/train/GHTS/LEUTX/YWP_B_AffSeq_H3_LEUTX-FL.C2.fasta
LEUTX	YWP_B_AffSeq_H3_LEUTX-FL.C3	3993	GHTS	final	fasta	data/final/train/GHTS/LEUTX/YWP_B_AffSeq_H3_LEUTX-FL.C3.fasta
MKX	MKX_R0_C2_lf5ACGACGCTCTTCCGATCTGT_rf3GGCATTAGATCGGAAGAGCA	8848	HTS	final	fastq	data/final/train/HTS/MKX/MKX_R0_C2_lf5ACGACGCTCTTCCGATCTGT_rf3GGCATTAGATCGGAAGAGCA.fasta
MKX	MKX_R0_C3_lf5ACGACGCTCTTCCGATCTGT_rf3GGCATTAGATCGGAAGAGCA	8936	HTS	final	fastq	data/final/train/HTS/MKX/MKX_R0_C3_lf5ACGACGCTCTTCCGATCTGT_rf3GGCATTAGATCGGAAGAGCA.fasta
MKX	MKX_R1_C1_lf5ACGACGCTCTTCCGATCTCC_rf3TGAGTAAGATCGGAAGAGCA	6436	HTS	final	fastq	data/final/train/HTS/MKX/MKX_R1_C1_lf5ACGACGCTCTTCCGATCTCC_rf3TGAGTAAGATCGGAAGAGCA.fasta
MKX	MKX_R1_C2_lf5ACGACGCTCTTCCGATCTCC_rf3TGAGTAAGATCGGAAGAGCA	6384	HTS	final	fastq	data/final/train/HTS/MKX/MKX_R1_C2_lf5ACGACGCTCTTCCGATCTCC_rf3TGAGTAAGATCGGAAGAGCA.fasta
MKX	MKX_R1_C3_lf5ACGACGCTCTTCCGATCTCC_rf3TGAGTAAGATCGGAAGAGCA	5176	HTS	final	fastq	data/final/train/HTS/MKX/MKX_R1_C3_lf5ACGACGCTCTTCCGATCTCC_rf3TGAGTAAGATCGGAAGAGCA.fasta
MKX	MKX_R1_C4_lf5ACGACGCTCTTCCGATCTCC_rf3TGAGTAAGATCGGAAGAGCA	1636	HTS	final	fastq	data/final/train/HTS/MKX/MKX_R1_C4_lf5ACGACGCTCTTCCGATCTCC_rf3TGAGTAAGATCGGAAGAGCA.fasta
MKX	QNZS_PBM13657	4684	PBM	final	pbm	data/final/train/PBM/MKX/QNZS_PBM13657_top0500.fasta
MKX	SD_PBM13657	4852	PBM	final	pbm	data/final/train/PBM/MKX/SD_PBM13657_top0500.fasta
MKX	UT380-113	7652	SMS	final	fastq	data/final/train/SMS/MKX/UT380-113.fasta
MSANTD1	MSANTD1_R0_C1_lf5ACGACGCTCTTCCGATCTAA_rf3GTGGTGAGATCGGAAGAGCA	5432	HTS	final	fastq	data/final/train/HTS/MSANTD1/MSANTD1_R0_C1_lf5ACGACGCTCTTCCGATCTAA_rf3GTGGTGAGATCGGAAGAGCA.fasta
MSANTD1	MSANTD1_R0_C2_lf5ACGACGCTCTTCCGATCTAA_rf3GTGGTGAGATCGGAAGAGCA	11584	HTS	final	fastq	data/final/train/HTS/MSANTD1/MSANTD1_R0_C2_lf5ACGACGCTCTTCCGATCTAA_rf3GTGGTGAGATCGGAAGAGCA.fasta
MSANTD1	MSANTD1_R0_C3_lf5ACGACGCTCTTCCGATCTAA_rf3GTGGTGAGATCGGAAGAGCA	13576	HTS	final	fastq	data/final/train/HTS/MSANTD1/MSANTD1_R0_C3_lf5ACGACGCTCTTCCGATCTAA_rf3GTGGTGAGATCGGAAGAGCA.fasta
MSANTD1	QNZS_PBM13661	4684	PBM	final	pbm	data/final/train/PBM/MSANTD1/QNZS_PBM13661_top0500.fasta
MSANTD1	SD_PBM13661	4836	PBM	final	pbm	data/final/train/PBM/MSANTD1/SD_PBM13661_top0500.fasta
MSANTD1	UT380-114	776	SMS	final	fastq	data/final/train/SMS/MSANTD1/UT380-114.fasta
MYF6	THC_0721	22642	CHS	final	fasta	data/final/train/CHS/MYF6/THC_0721.fasta
MYF6	YWK_D_AffSeq_B12_MYF6.C4	2857	GHTS	final	fasta	data/final/train/GHTS/MYF6/YWK_D_AffSeq_B12_MYF6.C4.fasta
MYPOP	MYPOP_R0_C1_lf5ACGACGCTCTTCCGATCTTC_rf3TGCATAAGATCGGAAGAGCA	6788	HTS	final	fastq	data/final/train/HTS/MYPOP/MYPOP_R0_C1_lf5ACGACGCTCTTCCGATCTTC_rf3TGCATAAGATCGGAAGAGCA.fasta
MYPOP	MYPOP_R0_C2_lf5ACGACGCTCTTCCGATCTTC_rf3TGCATAAGATCGGAAGAGCA	3372	HTS	final	fastq	data/final/train/HTS/MYPOP/MYPOP_R0_C2_lf5ACGACGCTCTTCCGATCTTC_rf3TGCATAAGATCGGAAGAGCA.fasta
MYPOP	MYPOP_R0_C3_lf5ACGACGCTCTTCCGATCTTC_rf3TGCATAAGATCGGAAGAGCA	9296	HTS	final	fastq	data/final/train/HTS/MYPOP/MYPOP_R0_C3_lf5ACGACGCTCTTCCGATCTTC_rf3TGCATAAGATCGGAAGAGCA.fasta
MYPOP	MYPOP_R0_C4_lf5ACGACGCTCTTCCGATCTTC_rf3TGCATAAGATCGGAAGAGCA	8532	HTS	final	fastq	data/final/train/HTS/MYPOP/MYPOP_R0_C4_lf5ACGACGCTCTTCCGATCTTC_rf3TGCATAAGATCGGAAGAGCA.fasta
MYPOP	MYPOP_R1_C1_lf5ACGACGCTCTTCCGATCTCC_rf3TGAGTAAGATCGGAAGAGCA	3864	HTS	final	fastq	data/final/train/HTS/MYPOP/MYPOP_R1_C1_lf5ACGACGCTCTTCCGATCTCC_rf3TGAGTAAGATCGGAAGAGCA.fasta
MYPOP	MYPOP_R1_C2_lf5ACGACGCTCTTCCGATCTCC_rf3TGAGTAAGATCGGAAGAGCA	4756	HTS	final	fastq	data/final/train/HTS/MYPOP/MYPOP_R1_C2_lf5ACGACGCTCTTCCGATCTCC_rf3TGAGTAAGATCGGAAGAGCA.fasta
MYPOP	MYPOP_R1_C3_lf5ACGACGCTCTTCCGATCTCC_rf3TGAGTAAGATCGGAAGAGCA	4168	HTS	final	fastq	data/final/train/HTS/MYPOP/MYPOP_R1_C3_lf5ACGACGCTCTTCCGATCTCC_rf3TGAGTAAGATCGGAAGAGCA.fasta
MYPOP	MYPOP_R1_C4_lf5ACGACGCTCTTCCGATCTCC_rf3TGAGTAAGATCGGAAGAGCA	7592	HTS	final	fastq	data/final/train/HTS/MYPOP/MYPOP_R1_C4_lf5ACGACGCTCTTCCGATCTCC_rf3TGAGTAAGATCGGAAGAGCA.fasta
MYPOP	QNZS_PBM13664	4684	PBM	final	pbm	data/final/train/PBM/MYPOP/QNZS_PBM13664_top0500.fasta
MYPOP	SD_PBM13664	4836	PBM	final	pbm	data/final/train/PBM/MYPOP/SD_PBM13664_top0500.fasta
PRDM13	THC_0223	6874	CHS	final	fasta	data/final/train/CHS/PRDM13/THC_0223.fasta
PRDM13	YWH_B_AffSeq_B05_PRDM13_DBD.C3	569	GHTS	final	fasta	data/final/train/GHTS/PRDM13/YWH_B_AffSeq_B05_PRDM13_DBD.C3.fasta
PRDM13	YWK_D_AffSeq_F1_PRDM13.C1	3501	GHTS	final	fasta	data/final/train/GHTS/PRDM13/YWK_D_AffSeq_F1_PRDM13.C1.fasta
PRDM13	YWP_B_AffSeq_C12_PRDM13-DBD.C1	527	GHTS	final	fasta	data/final/train/GHTS/PRDM13/YWP_B_AffSeq_C12_PRDM13-DBD.C1.fasta
PRDM13	YWP_B_AffSeq_C12_PRDM13-DBD.C2	2902	GHTS	final	fasta	data/final/train/GHTS/PRDM13/YWP_B_AffSeq_C12_PRDM13-DBD.C2.fasta
PRDM13	YWP_B_AffSeq_C12_PRDM13-DBD.C3	521	GHTS	final	fasta	data/final/train/GHTS/PRDM13/YWP_B_AffSeq_C12_PRDM13-DBD.C3.fasta
PRDM13	YWQ_B_AffSeq_G8_PRDM13-FL.C2	316	GHTS	final	fasta	data/final/train/GHTS/PRDM13/YWQ_B_AffSeq_G8_PRDM13-FL.C2.fasta
PRDM13	YWQ_B_AffSeq_G8_PRDM13-FL.C3	205	GHTS	final	fasta	data/final/train/GHTS/PRDM13/YWQ_B_AffSeq_G8_PRDM13-FL.C3.fasta
SALL3	THC_0314.Rep-DIANA_0293	548	CHS	final	fasta	data/final/train/CHS/SALL3/THC_0314.Rep-DIANA_0293.fasta
SALL3	YWE_B_AffSeq_B02_SALL3.C3	366	GHTS	final	fasta	data/final/train/GHTS/SALL3/YWE_B_AffSeq_B02_SALL3.C3.fasta
SALL3	YWF_B_AffSeq_B02_SALL3.C2	348	GHTS	final	fasta	data/final/train/GHTS/SALL3/YWF_B_AffSeq_B02_SALL3.C2.fasta
SALL3	YWK_B_AffSeq_A1_SALL3.C2	1016	GHTS	final	fasta	data/final/train/GHTS/SALL3/YWK_B_AffSeq_A1_SALL3.C2.fasta
SALL3	YWK_D_AffSeq_A1_SALL3.C3	374	GHTS	final	fasta	data/final/train/GHTS/SALL3/YWK_D_AffSeq_A1_SALL3.C3.fasta
SALL3	YWK_D_AffSeq_H6_SALL3.C2	1687	GHTS	final	fasta	data/final/train/GHTS/SALL3/YWK_D_AffSeq_H6_SALL3.C2.fasta
SALL3	YWP_B_AffSeq_B10_SALL3-DBD2.C2	316	GHTS	final	fasta	data/final/train/GHTS/SALL3/YWP_B_AffSeq_B10_SALL3-DBD2.C2.fasta
SALL3	YWP_B_AffSeq_B10_SALL3-DBD2.C3	218	GHTS	final	fasta	data/final/train/GHTS/SALL3/YWP_B_AffSeq_B10_SALL3-DBD2.C3.fasta
SALL3	YWQ_B_AffSeq_C6_SALL3-DBD1.C2	209	GHTS	final	fasta	data/final/train/GHTS/SALL3/YWQ_B_AffSeq_C6_SALL3-DBD1.C2.fasta
SALL3	YWQ_B_AffSeq_C6_SALL3-DBD1.C3	127	GHTS	final	fasta	data/final/train/GHTS/SALL3/YWQ_B_AffSeq_C6_SALL3-DBD1.C3.fasta
SP140L	QNZS_PBM13763	4680	PBM	final	pbm	data/final/train/PBM/SP140L/QNZS_PBM13763_top0500.fasta
SP140L	SD_PBM13763	4852	PBM	final	pbm	data/final/train/PBM/SP140L/SD_PBM13763_top0500.fasta
SP140L	SP140L_R0_C1_lf5ACGACGCTCTTCCGATCTGT_rf3GTTCTCAGATCGGAAGAGCA	5956	HTS	final	fastq	data/final/train/HTS/SP140L/SP140L_R0_C1_lf5ACGACGCTCTTCCGATCTGT_rf3GTTCTCAGATCGGAAGAGCA.fasta
SP140L	SP140L_R0_C2_lf5ACGACGCTCTTCCGATCTGT_rf3GTTCTCAGATCGGAAGAGCA	9048	HTS	final	fastq	data/final/train/HTS/SP140L/SP140L_R0_C2_lf5ACGACGCTCTTCCGATCTGT_rf3GTTCTCAGATCGGAAGAGCA.fasta
SP140L	SP140L_R0_C3_lf5ACGACGCTCTTCCGATCTGT_rf3GTTCTCAGATCGGAAGAGCA	8208	HTS	final	fastq	data/final/train/HTS/SP140L/SP140L_R0_C3_lf5ACGACGCTCTTCCGATCTGT_rf3GTTCTCAGATCGGAAGAGCA.fasta
SP140L	SP140L_R1_C1_lf5ACGACGCTCTTCCGATCTCC_rf3CCAATAAGATCGGAAGAGCA	10436	HTS	final	fastq	data/final/train/HTS/SP140L/SP140L_R1_C1_lf5ACGACGCTCTTCCGATCTCC_rf3CCAATAAGATCGGAAGAGCA.fasta
SP140L	SP140L_R1_C2_lf5ACGACGCTCTTCCGATCTCC_rf3CCAATAAGATCGGAAGAGCA	11244	HTS	final	fastq	data/final/train/HTS/SP140L/SP140L_R1_C2_lf5ACGACGCTCTTCCGATCTCC_rf3CCAATAAGATCGGAAGAGCA.fasta
SP140L	SP140L_R1_C3_lf5ACGACGCTCTTCCGATCTCC_rf3CCAATAAGATCGGAAGAGCA	9308	HTS	final	fastq	data/final/train/HTS/SP140L/SP140L_R1_C3_lf5ACGACGCTCTTCCGATCTCC_rf3CCAATAAGATCGGAAGAGCA.fasta
SP140L	SP140L_R1_C4_lf5ACGACGCTCTTCCGATCTCC_rf3CCAATAAGATCGGAAGAGCA	12328	HTS	final	fastq	data/final/train/HTS/SP140L/SP140L_R1_C4_lf5ACGACGCTCTTCCGATCTCC_rf3CCAATAAGATCGGAAGAGCA.fasta
SP140L	UT380-204-2	8804	SMS	final	fastq	data/final/train/SMS/SP140L/UT380-204-2.fasta
#TF	DATASET	SIZE	EXPERIMENT	BOARD	SOURCE_FORMAT	FASTA_SEQ
TPRX1	QNZS_PBM13659	4684	PBM	final	pbm	data/final/train/PBM/TPRX1/QNZS_PBM13659_top0500.fasta
TPRX1	SD_PBM13659	4836	PBM	final	pbm	data/final/train/PBM/TPRX1/SD_PBM13659_top0500.fasta
TPRX1	TPRX1_R0_C1_lf5ACGACGCTCTTCCGATCTTC_rf3ACGGGAAGATCGGAAGAGCA	4828	HTS	final	fastq	data/final/train/HTS/TPRX1/TPRX1_R0_C1_lf5ACGACGCTCTTCCGATCTTC_rf3ACGGGAAGATCGGAAGAGCA.fasta
TPRX1	TPRX1_R0_C2_lf5ACGACGCTCTTCCGATCTTC_rf3ACGGGAAGATCGGAAGAGCA	3524	HTS	final	fastq	data/final/train/HTS/TPRX1/TPRX1_R0_C2_lf5ACGACGCTCTTCCGATCTTC_rf3ACGGGAAGATCGGAAGAGCA.fasta
TPRX1	TPRX1_R0_C3_lf5ACGACGCTCTTCCGATCTTC_rf3ACGGGAAGATCGGAAGAGCA	4692	HTS	final	fastq	data/final/train/HTS/TPRX1/TPRX1_R0_C3_lf5ACGACGCTCTTCCGATCTTC_rf3ACGGGAAGATCGGAAGAGCA.fasta
TPRX1	TPRX1_R0_C4_lf5ACGACGCTCTTCCGATCTTC_rf3ACGGGAAGATCGGAAGAGCA	5484	HTS	final	fastq	data/final/train/HTS/TPRX1/TPRX1_R0_C4_lf5ACGACGCTCTTCCGATCTTC_rf3ACGGGAAGATCGGAAGAGCA.fasta
TPRX1	TPRX1_R1_C1_lf5ACGACGCTCTTCCGATCTCT_rf3CGGAGAAGATCGGAAGAGCA	3956	HTS	final	fastq	data/final/train/HTS/TPRX1/TPRX1_R1_C1_lf5ACGACGCTCTTCCGATCTCT_rf3CGGAGAAGATCGGAAGAGCA.fasta
TPRX1	TPRX1_R1_C2_lf5ACGACGCTCTTCCGATCTCT_rf3CGGAGAAGATCGGAAGAGCA	5460	HTS	final	fastq	data/final/train/HTS/TPRX1/TPRX1_R1_C2_lf5ACGACGCTCTTCCGATCTCT_rf3CGGAGAAGATCGGAAGAGCA.fasta
TPRX1	TPRX1_R1_C3_lf5ACGACGCTCTTCCGATCTCT_rf3CGGAGAAGATCGGAAGAGCA	4576	HTS	final	fastq	data/final/train/HTS/TPRX1/TPRX1_R1_C3_lf5ACGACGCTCTTCCGATCTCT_rf3CGGAGAAGATCGGAAGAGCA.fasta
TPRX1	TPRX1_R1_C4_lf5ACGACGCTCTTCCGATCTCT_rf3CGGAGAAGATCGGAAGAGCA	4788	HTS	final	fastq	data/final/train/HTS/TPRX1/TPRX1_R1_C4_lf5ACGACGCTCTTCCGATCTCT_rf3CGGAGAAGATCGGAAGAGCA.fasta
TPRX1	UT380-233-2	1968	SMS	final	fastq	data/final/train/SMS/TPRX1/UT380-233-2.fasta
USF3	THC_0757	2045	CHS	final	fasta	data/final/train/CHS/USF3/THC_0757.fasta
USF3	YWL_B_AffSeq_G10_USF3.C1	175	GHTS	final	fasta	data/final/train/GHTS/USF3/YWL_B_AffSeq_G10_USF3.C1.fasta
USF3	YWL_B_AffSeq_G10_USF3.C2	6846	GHTS	final	fasta	data/final/train/GHTS/USF3/YWL_B_AffSeq_G10_USF3.C2.fasta
USF3	YWL_B_AffSeq_G10_USF3.C3	4498	GHTS	final	fasta	data/final/train/GHTS/USF3/YWL_B_AffSeq_G10_USF3.C3.fasta
USF3	YWL_B_AffSeq_G10_USF3.C4	2704	GHTS	final	fasta	data/final/train/GHTS/USF3/YWL_B_AffSeq_G10_USF3.C4.fasta
ZBED2	THC_0902	640	CHS	final	fasta	data/final/train/CHS/ZBED2/THC_0902.fasta
ZBED2	YWM_B_AffSeq_H11_ZBED2-FL.C1	87	GHTS	final	fasta	data/final/train/GHTS/ZBED2/YWM_B_AffSeq_H11_ZBED2-FL.C1.fasta
ZBED2	YWM_B_AffSeq_H11_ZBED2-FL.C2	256	GHTS	final	fasta	data/final/train/GHTS/ZBED2/YWM_B_AffSeq_H11_ZBED2-FL.C2.fasta
ZBED2	YWM_B_AffSeq_H11_ZBED2-FL.C3	113	GHTS	final	fasta	data/final/train/GHTS/ZBED2/YWM_B_AffSeq_H11_ZBED2-FL.C3.fasta
ZBED2	YWM_B_AffSeq_H11_ZBED2-FL.C4	68	GHTS	final	fasta	data/final/train/GHTS/ZBED2/YWM_B_AffSeq_H11_ZBED2-FL.C4.fasta
ZBED2	YWN_B_AffSeq_G11_ZBED2-FL.C1	951	GHTS	final	fasta	data/final/train/GHTS/ZBED2/YWN_B_AffSeq_G11_ZBED2-FL.C1.fasta
ZBED2	YWN_B_AffSeq_G11_ZBED2-FL.C2	483	GHTS	final	fasta	data/final/train/GHTS/ZBED2/YWN_B_AffSeq_G11_ZBED2-FL.C2.fasta
ZBED2	YWN_B_AffSeq_G11_ZBED2-FL.C3	220	GHTS	final	fasta	data/final/train/GHTS/ZBED2/YWN_B_AffSeq_G11_ZBED2-FL.C3.fasta
ZBED2	YWN_B_AffSeq_G11_ZBED2-FL.C4	73	GHTS	final	fasta	data/final/train/GHTS/ZBED2/YWN_B_AffSeq_G11_ZBED2-FL.C4.fasta
ZBED5	THC_0278	19600	CHS	final	fasta	data/final/train/CHS/ZBED5/THC_0278.fasta
ZBED5	YWO_B_AffSeq_A1_ZBED5-FL.C2	276	GHTS	final	fasta	data/final/train/GHTS/ZBED5/YWO_B_AffSeq_A1_ZBED5-FL.C2.fasta
ZBED5	YWO_B_AffSeq_A1_ZBED5-FL.C3	164	GHTS	final	fasta	data/final/train/GHTS/ZBED5/YWO_B_AffSeq_A1_ZBED5-FL.C3.fasta
ZBED5	YWO_B_AffSeq_A1_ZBED5-FL.C4	202	GHTS	final	fasta	data/final/train/GHTS/ZBED5/YWO_B_AffSeq_A1_ZBED5-FL.C4.fasta
ZBTB47	ZBTB47_R0_C1_lf5ACGACGCTCTTCCGATCTGC_rf3TATAGGAGATCGGAAGAGCA	6264	HTS	final	fastq	data/final/train/HTS/ZBTB47/ZBTB47_R0_C1_lf5ACGACGCTCTTCCGATCTGC_rf3TATAGGAGATCGGAAGAGCA.fasta
ZBTB47	ZBTB47_R0_C2_lf5ACGACGCTCTTCCGATCTGC_rf3TATAGGAGATCGGAAGAGCA	9552	HTS	final	fastq	data/final/train/HTS/ZBTB47/ZBTB47_R0_C2_lf5ACGACGCTCTTCCGATCTGC_rf3TATAGGAGATCGGAAGAGCA.fasta
ZBTB47	ZBTB47_R0_C3_lf5ACGACGCTCTTCCGATCTGC_rf3TATAGGAGATCGGAAGAGCA	8252	HTS	final	fastq	data/final/train/HTS/ZBTB47/ZBTB47_R0_C3_lf5ACGACGCTCTTCCGATCTGC_rf3TATAGGAGATCGGAAGAGCA.fasta
ZBTB47	ZBTB47_R1_C1_lf5ACGACGCTCTTCCGATCTAC_rf3TCCTTGAGATCGGAAGAGCA	5376	HTS	final	fastq	data/final/train/HTS/ZBTB47/ZBTB47_R1_C1_lf5ACGACGCTCTTCCGATCTAC_rf3TCCTTGAGATCGGAAGAGCA.fasta
ZBTB47	ZBTB47_R1_C2_lf5ACGACGCTCTTCCGATCTAC_rf3TCCTTGAGATCGGAAGAGCA	7828	HTS	final	fastq	data/final/train/HTS/ZBTB47/ZBTB47_R1_C2_lf5ACGACGCTCTTCCGATCTAC_rf3TCCTTGAGATCGGAAGAGCA.fasta
ZBTB47	ZBTB47_R1_C3_lf5ACGACGCTCTTCCGATCTAC_rf3TCCTTGAGATCGGAAGAGCA	4760	HTS	final	fastq	data/final/train/HTS/ZBTB47/ZBTB47_R1_C3_lf5ACGACGCTCTTCCGATCTAC_rf3TCCTTGAGATCGGAAGAGCA.fasta
ZBTB47	ZBTB47_R1_C4_lf5ACGACGCTCTTCCGATCTAC_rf3TCCTTGAGATCGGAAGAGCA	4888	HTS	final	fastq	data/final/train/HTS/ZBTB47/ZBTB47_R1_C4_lf5ACGACGCTCTTCCGATCTAC_rf3TCCTTGAGATCGGAAGAGCA.fasta
ZFTA	QNZS_PBM13825	4680	PBM	final	pbm	data/final/train/PBM/ZFTA/QNZS_PBM13825_top0500.fasta
ZFTA	SD_PBM13825	4836	PBM	final	pbm	data/final/train/PBM/ZFTA/SD_PBM13825_top0500.fasta
ZFTA	UT380-025	524	SMS	final	fastq	data/final/train/SMS/ZFTA/UT380-025.fasta
ZFTA	ZFTA_R0_C1_lf5ACGACGCTCTTCCGATCTAA_rf3GTGGTCAGATCGGAAGAGCA	6920	HTS	final	fastq	data/final/train/HTS/ZFTA/ZFTA_R0_C1_lf5ACGACGCTCTTCCGATCTAA_rf3GTGGTCAGATCGGAAGAGCA.fasta
ZFTA	ZFTA_R0_C2_lf5ACGACGCTCTTCCGATCTAA_rf3GTGGTCAGATCGGAAGAGCA	6264	HTS	final	fastq	data/final/train/HTS/ZFTA/ZFTA_R0_C2_lf5ACGACGCTCTTCCGATCTAA_rf3GTGGTCAGATCGGAAGAGCA.fasta
ZFTA	ZFTA_R0_C3_lf5ACGACGCTCTTCCGATCTAA_rf3GTGGTCAGATCGGAAGAGCA	6160	HTS	final	fastq	data/final/train/HTS/ZFTA/ZFTA_R0_C3_lf5ACGACGCTCTTCCGATCTAA_rf3GTGGTCAGATCGGAAGAGCA.fasta
ZFTA	ZFTA_R0_C4_lf5ACGACGCTCTTCCGATCTAA_rf3GTGGTCAGATCGGAAGAGCA	4532	HTS	final	fastq	data/final/train/HTS/ZFTA/ZFTA_R0_C4_lf5ACGACGCTCTTCCGATCTAA_rf3GTGGTCAGATCGGAAGAGCA.fasta
ZNF20	THC_0341.Rep-DIANA_0293	126	CHS	final	fasta	data/final/train/CHS/ZNF20/THC_0341.Rep-DIANA_0293.fasta
ZNF20	THC_0341.Rep-MICHELLE_0314	212	CHS	final	fasta	data/final/train/CHS/ZNF20/THC_0341.Rep-MICHELLE_0314.fasta
ZNF20	THC_0395.Rep-DIANA_0293	608	CHS	final	fasta	data/final/train/CHS/ZNF20/THC_0395.Rep-DIANA_0293.fasta
ZNF20	YWR_B_AffSeq_B1_ZNF20-FL.C1	67	GHTS	final	fasta	data/final/train/GHTS/ZNF20/YWR_B_AffSeq_B1_ZNF20-FL.C1.fasta
ZNF20	YWR_B_AffSeq_B1_ZNF20-FL.C2	947	GHTS	final	fasta	data/final/train/GHTS/ZNF20/YWR_B_AffSeq_B1_ZNF20-FL.C2.fasta
ZNF20	YWR_B_AffSeq_B1_ZNF20-FL.C3	1141	GHTS	final	fasta	data/final/train/GHTS/ZNF20/YWR_B_AffSeq_B1_ZNF20-FL.C3.fasta
ZNF251	THC_0300.Rep-DIANA_0293	4483	CHS	final	fasta	data/final/train/CHS/ZNF251/THC_0300.Rep-DIANA_0293.fasta
ZNF251	THC_0445.Rep-DIANA_0293	3017	CHS	final	fasta	data/final/train/CHS/ZNF251/THC_0445.Rep-DIANA_0293.fasta
ZNF251	THC_0445.Rep-MICHELLE_0314	6596	CHS	final	fasta	data/final/train/CHS/ZNF251/THC_0445.Rep-MICHELLE_0314.fasta
ZNF251	YWR_B_AffSeq_A3_ZNF251-FL.C1	246	GHTS	final	fasta	data/final/train/GHTS/ZNF251/YWR_B_AffSeq_A3_ZNF251-FL.C1.fasta
ZNF251	YWR_B_AffSeq_A3_ZNF251-FL.C3	2132	GHTS	final	fasta	data/final/train/GHTS/ZNF251/YWR_B_AffSeq_A3_ZNF251-FL.C3.fasta
ZNF286B	ZNF286B_R0_C1_lf5ACGACGCTCTTCCGATCTTG_rf3TGATCTAGATCGGAAGAGCA	9092	HTS	final	fastq	data/final/train/HTS/ZNF286B/ZNF286B_R0_C1_lf5ACGACGCTCTTCCGATCTTG_rf3TGATCTAGATCGGAAGAGCA.fasta
ZNF286B	ZNF286B_R0_C2_lf5ACGACGCTCTTCCGATCTTG_rf3TGATCTAGATCGGAAGAGCA	9400	HTS	final	fastq	data/final/train/HTS/ZNF286B/ZNF286B_R0_C2_lf5ACGACGCTCTTCCGATCTTG_rf3TGATCTAGATCGGAAGAGCA.fasta
ZNF286B	ZNF286B_R0_C3_lf5ACGACGCTCTTCCGATCTTG_rf3TGATCTAGATCGGAAGAGCA	7280	HTS	final	fastq	data/final/train/HTS/ZNF286B/ZNF286B_R0_C3_lf5ACGACGCTCTTCCGATCTTG_rf3TGATCTAGATCGGAAGAGCA.fasta
ZNF367	THC_0046	29162	CHS	final	fasta	data/final/train/CHS/ZNF367/THC_0046.fasta
ZNF367	YWR_B_AffSeq_E5_ZNF367-FL.C1	2431	GHTS	final	fasta	data/final/train/GHTS/ZNF367/YWR_B_AffSeq_E5_ZNF367-FL.C1.fasta
ZNF367	YWR_B_AffSeq_E5_ZNF367-FL.C2	4748	GHTS	final	fasta	data/final/train/GHTS/ZNF367/YWR_B_AffSeq_E5_ZNF367-FL.C2.fasta
ZNF367	YWR_B_AffSeq_E5_ZNF367-FL.C3	2104	GHTS	final	fasta	data/final/train/GHTS/ZNF367/YWR_B_AffSeq_E5_ZNF367-FL.C3.fasta
ZNF395	THC_0294.Rep-DIANA_0293	443	CHS	final	fasta	data/final/train/CHS/ZNF395/THC_0294.Rep-DIANA_0293.fasta
ZNF395	YWH_B_AffSeq_B11_ZNF395.C2	4692	GHTS	final	fasta	data/final/train/GHTS/ZNF395/YWH_B_AffSeq_B11_ZNF395.C2.fasta
ZNF395	YWK_B_AffSeq_A6_ZNF395.C2	2380	GHTS	final	fasta	data/final/train/GHTS/ZNF395/YWK_B_AffSeq_A6_ZNF395.C2.fasta
ZNF395	YWK_D_AffSeq_A6_ZNF395.C1	854	GHTS	final	fasta	data/final/train/GHTS/ZNF395/YWK_D_AffSeq_A6_ZNF395.C1.fasta
ZNF395	YWR_B_AffSeq_H5_ZNF395-FL.C1	1222	GHTS	final	fasta	data/final/train/GHTS/ZNF395/YWR_B_AffSeq_H5_ZNF395-FL.C1.fasta
ZNF395	YWR_B_AffSeq_H5_ZNF395-FL.C2	552	GHTS	final	fasta	data/final/train/GHTS/ZNF395/YWR_B_AffSeq_H5_ZNF395-FL.C2.fasta
ZNF395	YWR_B_AffSeq_H5_ZNF395-FL.C3	177	GHTS	final	fasta	data/final/train/GHTS/ZNF395/YWR_B_AffSeq_H5_ZNF395-FL.C3.fasta
ZNF493	THC_0334.Rep-DIANA_0293	92	CHS	final	fasta	data/final/train/CHS/ZNF493/THC_0334.Rep-DIANA_0293.fasta
ZNF493	THC_0334.Rep-MICHELLE_0314	184	CHS	final	fasta	data/final/train/CHS/ZNF493/THC_0334.Rep-MICHELLE_0314.fasta
ZNF493	THC_0389.Rep-MICHELLE_0314	93	CHS	final	fasta	data/final/train/CHS/ZNF493/THC_0389.Rep-MICHELLE_0314.fasta
ZNF493	YWR_B_AffSeq_H7_ZNF493-FL.C1	584	GHTS	final	fasta	data/final/train/GHTS/ZNF493/YWR_B_AffSeq_H7_ZNF493-FL.C1.fasta
ZNF493	YWR_B_AffSeq_H7_ZNF493-FL.C2	834	GHTS	final	fasta	data/final/train/GHTS/ZNF493/YWR_B_AffSeq_H7_ZNF493-FL.C2.fasta
ZNF493	YWR_B_AffSeq_H7_ZNF493-FL.C3	163	GHTS	final	fasta	data/final/train/GHTS/ZNF493/YWR_B_AffSeq_H7_ZNF493-FL.C3.fasta
ZNF500	UT380-357	284	SMS	final	fastq	data/final/train/SMS/ZNF500/UT380-357.fasta
ZNF500	ZNF500_R0_C1_lf5ACGACGCTCTTCCGATCTAT_rf3TCCCGAAGATCGGAAGAGCA	9476	HTS	final	fastq	data/final/train/HTS/ZNF500/ZNF500_R0_C1_lf5ACGACGCTCTTCCGATCTAT_rf3TCCCGAAGATCGGAAGAGCA.fasta
ZNF500	ZNF500_R0_C2_lf5ACGACGCTCTTCCGATCTAT_rf3TCCCGAAGATCGGAAGAGCA	7832	HTS	final	fastq	data/final/train/HTS/ZNF500/ZNF500_R0_C2_lf5ACGACGCTCTTCCGATCTAT_rf3TCCCGAAGATCGGAAGAGCA.fasta
ZNF500	ZNF500_R0_C3_lf5ACGACGCTCTTCCGATCTAT_rf3TCCCGAAGATCGGAAGAGCA	7340	HTS	final	fastq	data/final/train/HTS/ZNF500/ZNF500_R0_C3_lf5ACGACGCTCTTCCGATCTAT_rf3TCCCGAAGATCGGAAGAGCA.fasta
ZNF518B	THC_0669	4824	CHS	final	fasta	data/final/train/CHS/ZNF518B/THC_0669.fasta
ZNF518B	YWN_B_AffSeq_H1_ZNF518B.C1	175	GHTS	final	fasta	data/final/train/GHTS/ZNF518B/YWN_B_AffSeq_H1_ZNF518B.C1.fasta
ZNF518B	YWN_B_AffSeq_H1_ZNF518B.C2	2045	GHTS	final	fasta	data/final/train/GHTS/ZNF518B/YWN_B_AffSeq_H1_ZNF518B.C2.fasta
ZNF518B	YWN_B_AffSeq_H1_ZNF518B.C3	1903	GHTS	final	fasta	data/final/train/GHTS/ZNF518B/YWN_B_AffSeq_H1_ZNF518B.C3.fasta
ZNF518B	YWN_B_AffSeq_H1_ZNF518B.C4	1357	GHTS	final	fasta	data/final/train/GHTS/ZNF518B/YWN_B_AffSeq_H1_ZNF518B.C4.fasta
ZNF518B	YWR_B_AffSeq_C9_ZNF518B-DBD.C2	3498	GHTS	final	fasta	data/final/train/GHTS/ZNF518B/YWR_B_AffSeq_C9_ZNF518B-DBD.C2.fasta
ZNF518B	YWR_B_AffSeq_C9_ZNF518B-DBD.C3	1939	GHTS	final	fasta	data/final/train/GHTS/ZNF518B/YWR_B_AffSeq_C9_ZNF518B-DBD.C3.fasta
ZNF648	THC_0775	2210	CHS	final	fasta	data/final/train/CHS/ZNF648/THC_0775.fasta
ZNF648	YWL_B_AffSeq_D10_ZNF648.C2	481	GHTS	final	fasta	data/final/train/GHTS/ZNF648/YWL_B_AffSeq_D10_ZNF648.C2.fasta
ZNF648	YWL_B_AffSeq_D10_ZNF648.C3	673	GHTS	final	fasta	data/final/train/GHTS/ZNF648/YWL_B_AffSeq_D10_ZNF648.C3.fasta
ZNF648	YWL_B_AffSeq_D10_ZNF648.C4	891	GHTS	final	fasta	data/final/train/GHTS/ZNF648/YWL_B_AffSeq_D10_ZNF648.C4.fasta
ZNF721	ZNF721_R0_C1_lf5ACGACGCTCTTCCGATCTAG_rf3CTTTTCAGATCGGAAGAGCA	8220	HTS	final	fastq	data/final/train/HTS/ZNF721/ZNF721_R0_C1_lf5ACGACGCTCTTCCGATCTAG_rf3CTTTTCAGATCGGAAGAGCA.fasta
ZNF721	ZNF721_R0_C2_lf5ACGACGCTCTTCCGATCTAG_rf3CTTTTCAGATCGGAAGAGCA	6956	HTS	final	fastq	data/final/train/HTS/ZNF721/ZNF721_R0_C2_lf5ACGACGCTCTTCCGATCTAG_rf3CTTTTCAGATCGGAAGAGCA.fasta
ZNF721	ZNF721_R0_C3_lf5ACGACGCTCTTCCGATCTAG_rf3CTTTTCAGATCGGAAGAGCA	5936	HTS	final	fastq	data/final/train/HTS/ZNF721/ZNF721_R0_C3_lf5ACGACGCTCTTCCGATCTAG_rf3CTTTTCAGATCGGAAGAGCA.fasta
ZNF780B	UT380-462	512	SMS	final	fastq	data/final/train/SMS/ZNF780B/UT380-462.fasta
ZNF780B	ZNF780B_R0_C1_lf5ACGACGCTCTTCCGATCTAT_rf3AGCCTCAGATCGGAAGAGCA	9320	HTS	final	fastq	data/final/train/HTS/ZNF780B/ZNF780B_R0_C1_lf5ACGACGCTCTTCCGATCTAT_rf3AGCCTCAGATCGGAAGAGCA.fasta
ZNF780B	ZNF780B_R0_C2_lf5ACGACGCTCTTCCGATCTAT_rf3AGCCTCAGATCGGAAGAGCA	6316	HTS	final	fastq	data/final/train/HTS/ZNF780B/ZNF780B_R0_C2_lf5ACGACGCTCTTCCGATCTAT_rf3AGCCTCAGATCGGAAGAGCA.fasta
ZNF780B	ZNF780B_R0_C3_lf5ACGACGCTCTTCCGATCTAT_rf3AGCCTCAGATCGGAAGAGCA	5712	HTS	final	fastq	data/final/train/HTS/ZNF780B/ZNF780B_R0_C3_lf5ACGACGCTCTTCCGATCTAT_rf3AGCCTCAGATCGGAAGAGCA.fasta
ZNF831	UT380-477	4836	SMS	final	fastq	data/final/train/SMS/ZNF831/UT380-477.fasta
ZNF831	ZNF831_R0_C1_lf5ACGACGCTCTTCCGATCTTC_rf3GCGATTAGATCGGAAGAGCA	9896	HTS	final	fastq	data/final/train/HTS/ZNF831/ZNF831_R0_C1_lf5ACGACGCTCTTCCGATCTTC_rf3GCGATTAGATCGGAAGAGCA.fasta
ZNF831	ZNF831_R0_C2_lf5ACGACGCTCTTCCGATCTTC_rf3GCGATTAGATCGGAAGAGCA	10600	HTS	final	fastq	data/final/train/HTS/ZNF831/ZNF831_R0_C2_lf5ACGACGCTCTTCCGATCTTC_rf3GCGATTAGATCGGAAGAGCA.fasta
ZNF831	ZNF831_R0_C3_lf5ACGACGCTCTTCCGATCTTC_rf3GCGATTAGATCGGAAGAGCA	11780	HTS	final	fastq	data/final/train/HTS/ZNF831/ZNF831_R0_C3_lf5ACGACGCTCTTCCGATCTTC_rf3GCGATTAGATCGGAAGAGCA.fasta
ZNF831	ZNF831_R0_C4_lf5ACGACGCTCTTCCGATCTTC_rf3GCGATTAGATCGGAAGAGCA	9568	HTS	final	fastq	data/final/train/HTS/ZNF831/ZNF831_R0_C4_lf5ACGACGCTCTTCCGATCTTC_rf3GCGATTAGATCGGAAGAGCA.fasta
