GABPA	THC_0866	2290	CHS	leaderboard	fasta	data/leaderboard/train/CHS/GABPA/THC_0866.fasta
GABPA	YWE_B_AffSeq_C12_GABPA.C2	4387	GHTS	leaderboard	fasta	data/leaderboard/train/GHTS/GABPA/YWE_B_AffSeq_C12_GABPA.C2.fasta
LEF1	LEF1_R0_C1_lf5ACGACGCTCTTCCGATCTAT_rf3AGCCTCAGATCGGAAGAGCA	4652	HTS	leaderboard	fastq	data/leaderboard/train/HTS/LEF1/LEF1_R0_C1_lf5ACGACGCTCTTCCGATCTAT_rf3AGCCTCAGATCGGAAGAGCA.fasta
LEF1	LEF1_R0_C2_lf5ACGACGCTCTTCCGATCTAT_rf3AGCCTCAGATCGGAAGAGCA	6504	HTS	leaderboard	fastq	data/leaderboard/train/HTS/LEF1/LEF1_R0_C2_lf5ACGACGCTCTTCCGATCTAT_rf3AGCCTCAGATCGGAAGAGCA.fasta
LEF1	LEF1_R0_C3_lf5ACGACGCTCTTCCGATCTAT_rf3AGCCTCAGATCGGAAGAGCA	4844	HTS	leaderboard	fastq	data/leaderboard/train/HTS/LEF1/LEF1_R0_C3_lf5ACGACGCTCTTCCGATCTAT_rf3AGCCTCAGATCGGAAGAGCA.fasta
LEF1	LEF1_R0_C4_lf5ACGACGCTCTTCCGATCTAT_rf3AGCCTCAGATCGGAAGAGCA	6316	HTS	leaderboard	fastq	data/leaderboard/train/HTS/LEF1/LEF1_R0_C4_lf5ACGACGCTCTTCCGATCTAT_rf3AGCCTCAGATCGGAAGAGCA.fasta
LEF1	QNZS_PBM14333	4680	PBM	leaderboard	pbm	data/leaderboard/train/PBM/LEF1/QNZS_PBM14333_top0500.fasta
LEF1	SD_PBM14333	4836	PBM	leaderboard	pbm	data/leaderboard/train/PBM/LEF1/SD_PBM14333_top0500.fasta
LEF1	SRR3405063	2604	SMS	leaderboard	fastq	data/leaderboard/train/SMS/LEF1/SRR3405063.fasta
NACC2	NACC2_R0_C1_lf5ACGACGCTCTTCCGATCTTG_rf3TGTGTTAGATCGGAAGAGCA	3908	HTS	leaderboard	fastq	data/leaderboard/train/HTS/NACC2/NACC2_R0_C1_lf5ACGACGCTCTTCCGATCTTG_rf3TGTGTTAGATCGGAAGAGCA.fasta
NACC2	NACC2_R0_C2_lf5ACGACGCTCTTCCGATCTTG_rf3TGTGTTAGATCGGAAGAGCA	6824	HTS	leaderboard	fastq	data/leaderboard/train/HTS/NACC2/NACC2_R0_C2_lf5ACGACGCTCTTCCGATCTTG_rf3TGTGTTAGATCGGAAGAGCA.fasta
NACC2	NACC2_R0_C3_lf5ACGACGCTCTTCCGATCTTG_rf3TGTGTTAGATCGGAAGAGCA	7888	HTS	leaderboard	fastq	data/leaderboard/train/HTS/NACC2/NACC2_R0_C3_lf5ACGACGCTCTTCCGATCTTG_rf3TGTGTTAGATCGGAAGAGCA.fasta
NACC2	NACC2_R1_C1_lf5ACGACGCTCTTCCGATCTGA_rf3GGTCATAGATCGGAAGAGCA	10936	HTS	leaderboard	fastq	data/leaderboard/train/HTS/NACC2/NACC2_R1_C1_lf5ACGACGCTCTTCCGATCTGA_rf3GGTCATAGATCGGAAGAGCA.fasta
NACC2	NACC2_R1_C2_lf5ACGACGCTCTTCCGATCTGA_rf3GGTCATAGATCGGAAGAGCA	15096	HTS	leaderboard	fastq	data/leaderboard/train/HTS/NACC2/NACC2_R1_C2_lf5ACGACGCTCTTCCGATCTGA_rf3GGTCATAGATCGGAAGAGCA.fasta
NACC2	NACC2_R1_C3_lf5ACGACGCTCTTCCGATCTGA_rf3GGTCATAGATCGGAAGAGCA	10820	HTS	leaderboard	fastq	data/leaderboard/train/HTS/NACC2/NACC2_R1_C3_lf5ACGACGCTCTTCCGATCTGA_rf3GGTCATAGATCGGAAGAGCA.fasta
NACC2	NACC2_R1_C4_lf5ACGACGCTCTTCCGATCTGA_rf3GGTCATAGATCGGAAGAGCA	8900	HTS	leaderboard	fastq	data/leaderboard/train/HTS/NACC2/NACC2_R1_C4_lf5ACGACGCTCTTCCGATCTGA_rf3GGTCATAGATCGGAAGAGCA.fasta
NACC2	QNZS_PBM13725	4680	PBM	leaderboard	pbm	data/leaderboard/train/PBM/NACC2/QNZS_PBM13725_top0500.fasta
NACC2	SD_PBM13725	4836	PBM	leaderboard	pbm	data/leaderboard/train/PBM/NACC2/SD_PBM13725_top0500.fasta
NACC2	UT380-127-3	1780	SMS	leaderboard	fastq	data/leaderboard/train/SMS/NACC2/UT380-127-3.fasta
NFKB1	NFKB1_R0_C1_lf5ACGACGCTCTTCCGATCTAC_rf3GCTGCTAGATCGGAAGAGCA	5076	HTS	leaderboard	fastq	data/leaderboard/train/HTS/NFKB1/NFKB1_R0_C1_lf5ACGACGCTCTTCCGATCTAC_rf3GCTGCTAGATCGGAAGAGCA.fasta
NFKB1	NFKB1_R0_C2_lf5ACGACGCTCTTCCGATCTAC_rf3GCTGCTAGATCGGAAGAGCA	6744	HTS	leaderboard	fastq	data/leaderboard/train/HTS/NFKB1/NFKB1_R0_C2_lf5ACGACGCTCTTCCGATCTAC_rf3GCTGCTAGATCGGAAGAGCA.fasta
NFKB1	NFKB1_R0_C3_lf5ACGACGCTCTTCCGATCTAC_rf3GCTGCTAGATCGGAAGAGCA	4092	HTS	leaderboard	fastq	data/leaderboard/train/HTS/NFKB1/NFKB1_R0_C3_lf5ACGACGCTCTTCCGATCTAC_rf3GCTGCTAGATCGGAAGAGCA.fasta
NFKB1	NFKB1_R0_C4_lf5ACGACGCTCTTCCGATCTAC_rf3GCTGCTAGATCGGAAGAGCA	4640	HTS	leaderboard	fastq	data/leaderboard/train/HTS/NFKB1/NFKB1_R0_C4_lf5ACGACGCTCTTCCGATCTAC_rf3GCTGCTAGATCGGAAGAGCA.fasta
NFKB1	SRR3405069	39424	SMS	leaderboard	fastq	data/leaderboard/train/SMS/NFKB1/SRR3405069.fasta
PRDM5	THC_0307.Rep-DIANA_0293	20281	CHS	leaderboard	fasta	data/leaderboard/train/CHS/PRDM5/THC_0307.Rep-DIANA_0293.fasta
PRDM5	THC_0307.Rep-MICHELLE_0314	31396	CHS	leaderboard	fasta	data/leaderboard/train/CHS/PRDM5/THC_0307.Rep-MICHELLE_0314.fasta
PRDM5	YWK_B_AffSeq_B1_PRDM5.C2	1902	GHTS	leaderboard	fasta	data/leaderboard/train/GHTS/PRDM5/YWK_B_AffSeq_B1_PRDM5.C2.fasta
PRDM5	YWK_D_AffSeq_B1_PRDM5.C3	1169	GHTS	leaderboard	fasta	data/leaderboard/train/GHTS/PRDM5/YWK_D_AffSeq_B1_PRDM5.C3.fasta
PRDM5	YWQ_B_AffSeq_F7_PRDM5-FL.C1	220	GHTS	leaderboard	fasta	data/leaderboard/train/GHTS/PRDM5/YWQ_B_AffSeq_F7_PRDM5-FL.C1.fasta
PRDM5	YWQ_B_AffSeq_F7_PRDM5-FL.C2	931	GHTS	leaderboard	fasta	data/leaderboard/train/GHTS/PRDM5/YWQ_B_AffSeq_F7_PRDM5-FL.C2.fasta
PRDM5	YWQ_B_AffSeq_F7_PRDM5-FL.C3	588	GHTS	leaderboard	fasta	data/leaderboard/train/GHTS/PRDM5/YWQ_B_AffSeq_F7_PRDM5-FL.C3.fasta
RORB	QNZS_PBM14337	4676	PBM	leaderboard	pbm	data/leaderboard/train/PBM/RORB/QNZS_PBM14337_top0500.fasta
RORB	RORB_R0_C1_lf5ACGACGCTCTTCCGATCTCA_rf3GCCTTTAGATCGGAAGAGCA	3080	HTS	leaderboard	fastq	data/leaderboard/train/HTS/RORB/RORB_R0_C1_lf5ACGACGCTCTTCCGATCTCA_rf3GCCTTTAGATCGGAAGAGCA.fasta
RORB	RORB_R0_C2_lf5ACGACGCTCTTCCGATCTCA_rf3GCCTTTAGATCGGAAGAGCA	5216	HTS	leaderboard	fastq	data/leaderboard/train/HTS/RORB/RORB_R0_C2_lf5ACGACGCTCTTCCGATCTCA_rf3GCCTTTAGATCGGAAGAGCA.fasta
RORB	RORB_R0_C3_lf5ACGACGCTCTTCCGATCTCA_rf3GCCTTTAGATCGGAAGAGCA	4004	HTS	leaderboard	fastq	data/leaderboard/train/HTS/RORB/RORB_R0_C3_lf5ACGACGCTCTTCCGATCTCA_rf3GCCTTTAGATCGGAAGAGCA.fasta
RORB	RORB_R0_C4_lf5ACGACGCTCTTCCGATCTCA_rf3GCCTTTAGATCGGAAGAGCA	6788	HTS	leaderboard	fastq	data/leaderboard/train/HTS/RORB/RORB_R0_C4_lf5ACGACGCTCTTCCGATCTCA_rf3GCCTTTAGATCGGAAGAGCA.fasta
RORB	SD_PBM14337	4836	PBM	leaderboard	pbm	data/leaderboard/train/PBM/RORB/SD_PBM14337_top0500.fasta
RORB	SRR3405080	2212	SMS	leaderboard	fastq	data/leaderboard/train/SMS/RORB/SRR3405080.fasta
SP140	THC_0193	809	CHS	leaderboard	fasta	data/leaderboard/train/CHS/SP140/THC_0193.fasta
SP140	YWQ_B_AffSeq_G2_SP140-DBD.C2	2245	GHTS	leaderboard	fasta	data/leaderboard/train/GHTS/SP140/YWQ_B_AffSeq_G2_SP140-DBD.C2.fasta
SP140	YWQ_B_AffSeq_G2_SP140-DBD.C3	2294	GHTS	leaderboard	fasta	data/leaderboard/train/GHTS/SP140/YWQ_B_AffSeq_G2_SP140-DBD.C3.fasta
#TF	DATASET	SIZE	EXPERIMENT	BOARD	SOURCE_FORMAT	FASTA_SEQ
TIGD3	QNZS_PBM13699	4684	PBM	leaderboard	pbm	data/leaderboard/train/PBM/TIGD3/QNZS_PBM13699_top0500.fasta
TIGD3	SD_PBM13699	4836	PBM	leaderboard	pbm	data/leaderboard/train/PBM/TIGD3/SD_PBM13699_top0500.fasta
TIGD3	TIGD3_R0_C1_lf5ACGACGCTCTTCCGATCTGC_rf3CACTTCAGATCGGAAGAGCA	2992	HTS	leaderboard	fastq	data/leaderboard/train/HTS/TIGD3/TIGD3_R0_C1_lf5ACGACGCTCTTCCGATCTGC_rf3CACTTCAGATCGGAAGAGCA.fasta
TIGD3	TIGD3_R0_C2_lf5ACGACGCTCTTCCGATCTGC_rf3CACTTCAGATCGGAAGAGCA	3108	HTS	leaderboard	fastq	data/leaderboard/train/HTS/TIGD3/TIGD3_R0_C2_lf5ACGACGCTCTTCCGATCTGC_rf3CACTTCAGATCGGAAGAGCA.fasta
TIGD3	TIGD3_R0_C3_lf5ACGACGCTCTTCCGATCTGC_rf3CACTTCAGATCGGAAGAGCA	4092	HTS	leaderboard	fastq	data/leaderboard/train/HTS/TIGD3/TIGD3_R0_C3_lf5ACGACGCTCTTCCGATCTGC_rf3CACTTCAGATCGGAAGAGCA.fasta
TIGD3	TIGD3_R0_C4_lf5ACGACGCTCTTCCGATCTGC_rf3CACTTCAGATCGGAAGAGCA	4872	HTS	leaderboard	fastq	data/leaderboard/train/HTS/TIGD3/TIGD3_R0_C4_lf5ACGACGCTCTTCCGATCTGC_rf3CACTTCAGATCGGAAGAGCA.fasta
TIGD3	UT380-225	5952	SMS	leaderboard	fastq	data/leaderboard/train/SMS/TIGD3/UT380-225.fasta
ZNF362	THC_0364.Rep-DIANA_0293	23470	CHS	leaderboard	fasta	data/leaderboard/train/CHS/ZNF362/THC_0364.Rep-DIANA_0293.fasta
ZNF362	THC_0364.Rep-MICHELLE_0314	50284	CHS	leaderboard	fasta	data/leaderboard/train/CHS/ZNF362/THC_0364.Rep-MICHELLE_0314.fasta
ZNF362	THC_0411.Rep-DIANA_0293	42854	CHS	leaderboard	fasta	data/leaderboard/train/CHS/ZNF362/THC_0411.Rep-DIANA_0293.fasta
ZNF362	YWH_B_AffSeq_F10_ZNF362.C3	88	GHTS	leaderboard	fasta	data/leaderboard/train/GHTS/ZNF362/YWH_B_AffSeq_F10_ZNF362.C3.fasta
ZNF362	YWK_B_AffSeq_E5_ZNF362.C2	147	GHTS	leaderboard	fasta	data/leaderboard/train/GHTS/ZNF362/YWK_B_AffSeq_E5_ZNF362.C2.fasta
ZNF362	YWK_D_AffSeq_E5_ZNF362.C2	157	GHTS	leaderboard	fasta	data/leaderboard/train/GHTS/ZNF362/YWK_D_AffSeq_E5_ZNF362.C2.fasta
ZNF407	THC_0668	1129	CHS	leaderboard	fasta	data/leaderboard/train/CHS/ZNF407/THC_0668.fasta
ZNF407	YWL_B_AffSeq_A11_ZNF407.C2	489	GHTS	leaderboard	fasta	data/leaderboard/train/GHTS/ZNF407/YWL_B_AffSeq_A11_ZNF407.C2.fasta
ZNF407	YWL_B_AffSeq_A11_ZNF407.C3	420	GHTS	leaderboard	fasta	data/leaderboard/train/GHTS/ZNF407/YWL_B_AffSeq_A11_ZNF407.C3.fasta
ZNF407	YWL_B_AffSeq_A11_ZNF407.C4	321	GHTS	leaderboard	fasta	data/leaderboard/train/GHTS/ZNF407/YWL_B_AffSeq_A11_ZNF407.C4.fasta
